7.200000000000000000e+01,0.000000000000000000e+00,0.000000000000000000e+00,0.000000000000000000e+00,8.276002999999999554e-01,0.000000000000000000e+00,8.224112000000000089e-01,1.430000000000000000e+02,1.000000000000000000e+00
7.200000000000000000e+01,0.000000000000000000e+00,0.000000000000000000e+00,3.228070175438596534e-01,8.187630999999999659e-01,0.000000000000000000e+00,8.163040999999999769e-01,1.430000000000000000e+02,1.000000000000000000e+00
7.200000000000000000e+01,0.000000000000000000e+00,0.000000000000000000e+00,6.456140350877193068e-01,8.124940000000000495e-01,0.000000000000000000e+00,8.095765000000000322e-01,1.430000000000000000e+02,1.000000000000000000e+00
7.200000000000000000e+01,0.000000000000000000e+00,0.000000000000000000e+00,9.684210526315789602e-01,8.079009999999999803e-01,0.000000000000000000e+00,8.074048999999999809e-01,1.430000000000000000e+02,1.000000000000000000e+00
7.200000000000000000e+01,0.000000000000000000e+00,0.000000000000000000e+00,1.291228070175438614e+00,8.064497999999999944e-01,0.000000000000000000e+00,8.054105999999999765e-01,1.430000000000000000e+02,1.000000000000000000e+00
7.200000000000000000e+01,0.000000000000000000e+00,0.000000000000000000e+00,1.614035087719298378e+00,8.025318000000000174e-01,0.000000000000000000e+00,8.005854000000000026e-01,1.430000000000000000e+02,1.000000000000000000e+00
7.200000000000000000e+01,0.000000000000000000e+00,0.000000000000000000e+00,1.936842105263157920e+00,7.981051999999999591e-01,0.000000000000000000e+00,7.969405999999999990e-01,1.430000000000000000e+02,1.000000000000000000e+00
7.200000000000000000e+01,0.000000000000000000e+00,0.000000000000000000e+00,2.259649122807017463e+00,7.954877000000000198e-01,0.000000000000000000e+00,7.942390999999999757e-01,1.430000000000000000e+02,1.000000000000000000e+00
7.200000000000000000e+01,0.000000000000000000e+00,0.000000000000000000e+00,2.582456140350877227e+00,7.931559999999999722e-01,0.000000000000000000e+00,7.925716999999999901e-01,1.430000000000000000e+02,1.000000000000000000e+00
7.200000000000000000e+01,0.000000000000000000e+00,0.000000000000000000e+00,2.905263157894736992e+00,7.917323000000000555e-01,0.000000000000000000e+00,7.911167999999999534e-01,1.430000000000000000e+02,1.000000000000000000e+00
7.200000000000000000e+01,0.000000000000000000e+00,0.000000000000000000e+00,3.228070175438596756e+00,7.901732000000000200e-01,0.000000000000000000e+00,7.895124000000000031e-01,1.430000000000000000e+02,1.000000000000000000e+00
7.200000000000000000e+01,0.000000000000000000e+00,0.000000000000000000e+00,3.550877192982456076e+00,7.887861000000000455e-01,0.000000000000000000e+00,7.884691000000000338e-01,1.430000000000000000e+02,1.000000000000000000e+00
7.200000000000000000e+01,0.000000000000000000e+00,0.000000000000000000e+00,3.873684210526315841e+00,7.878114000000000505e-01,0.000000000000000000e+00,7.871247000000000105e-01,1.430000000000000000e+02,1.000000000000000000e+00
7.200000000000000000e+01,0.000000000000000000e+00,0.000000000000000000e+00,4.196491228070175161e+00,7.866203999999999974e-01,0.000000000000000000e+00,7.860529000000000543e-01,1.430000000000000000e+02,1.000000000000000000e+00
7.200000000000000000e+01,0.000000000000000000e+00,0.000000000000000000e+00,4.519298245614034926e+00,7.853940000000000365e-01,0.000000000000000000e+00,7.849658999999999942e-01,1.430000000000000000e+02,1.000000000000000000e+00
7.200000000000000000e+01,0.000000000000000000e+00,0.000000000000000000e+00,4.842105263157894690e+00,7.843626999999999683e-01,0.000000000000000000e+00,7.841032999999999475e-01,1.430000000000000000e+02,1.000000000000000000e+00
7.200000000000000000e+01,0.000000000000000000e+00,0.000000000000000000e+00,5.164912280701754455e+00,7.836786000000000030e-01,0.000000000000000000e+00,7.836241000000000456e-01,1.430000000000000000e+02,1.000000000000000000e+00
7.200000000000000000e+01,0.000000000000000000e+00,0.000000000000000000e+00,5.487719298245614219e+00,7.832947000000000104e-01,0.000000000000000000e+00,7.829034999999999744e-01,1.430000000000000000e+02,1.000000000000000000e+00
7.200000000000000000e+01,0.000000000000000000e+00,0.000000000000000000e+00,5.810526315789473983e+00,7.823972000000000149e-01,0.000000000000000000e+00,7.820542000000000327e-01,1.430000000000000000e+02,1.000000000000000000e+00
7.200000000000000000e+01,0.000000000000000000e+00,0.000000000000000000e+00,6.133333333333333748e+00,7.815830000000000277e-01,0.000000000000000000e+00,7.814415000000000111e-01,1.430000000000000000e+02,1.000000000000000000e+00
7.200000000000000000e+01,0.000000000000000000e+00,0.000000000000000000e+00,6.456140350877193512e+00,7.809241999999999573e-01,0.000000000000000000e+00,7.806866000000000083e-01,1.430000000000000000e+02,1.000000000000000000e+00
7.200000000000000000e+01,0.000000000000000000e+00,0.000000000000000000e+00,6.778947368421052388e+00,7.802133999999999459e-01,0.000000000000000000e+00,7.801890999999999687e-01,1.430000000000000000e+02,1.000000000000000000e+00
7.200000000000000000e+01,0.000000000000000000e+00,0.000000000000000000e+00,7.101754385964912153e+00,7.798298000000000174e-01,0.000000000000000000e+00,7.794809000000000321e-01,1.430000000000000000e+02,1.000000000000000000e+00
7.200000000000000000e+01,0.000000000000000000e+00,0.000000000000000000e+00,7.424561403508771917e+00,7.791533999999999960e-01,0.000000000000000000e+00,7.787277999999999700e-01,1.430000000000000000e+02,1.000000000000000000e+00
7.200000000000000000e+01,0.000000000000000000e+00,0.000000000000000000e+00,7.747368421052631682e+00,7.787475999999999843e-01,0.000000000000000000e+00,7.784065999999999486e-01,1.430000000000000000e+02,1.000000000000000000e+00
7.200000000000000000e+01,0.000000000000000000e+00,0.000000000000000000e+00,8.070175438596491446e+00,7.783086999999999644e-01,0.000000000000000000e+00,7.779730999999999730e-01,1.430000000000000000e+02,1.000000000000000000e+00
7.200000000000000000e+01,0.000000000000000000e+00,0.000000000000000000e+00,8.392982456140350322e+00,7.776271999999999629e-01,0.000000000000000000e+00,7.774623000000000506e-01,1.430000000000000000e+02,1.000000000000000000e+00
7.200000000000000000e+01,0.000000000000000000e+00,0.000000000000000000e+00,8.715789473684210975e+00,7.771886999999999546e-01,0.000000000000000000e+00,7.771590999999999916e-01,1.430000000000000000e+02,1.000000000000000000e+00
7.200000000000000000e+01,0.000000000000000000e+00,0.000000000000000000e+00,9.038596491228069851e+00,7.767990999999999646e-01,0.000000000000000000e+00,7.766237999999999753e-01,1.430000000000000000e+02,1.000000000000000000e+00
7.200000000000000000e+01,0.000000000000000000e+00,0.000000000000000000e+00,9.361403508771930504e+00,7.765132999999999619e-01,0.000000000000000000e+00,7.762930000000000108e-01,1.430000000000000000e+02,1.000000000000000000e+00
7.200000000000000000e+01,0.000000000000000000e+00,0.000000000000000000e+00,9.684210526315789380e+00,7.759979000000000182e-01,0.000000000000000000e+00,7.758443000000000422e-01,1.430000000000000000e+02,1.000000000000000000e+00
7.200000000000000000e+01,0.000000000000000000e+00,0.000000000000000000e+00,1.000701754385965003e+01,7.756163000000000363e-01,0.000000000000000000e+00,7.754529000000000005e-01,1.430000000000000000e+02,1.000000000000000000e+00
7.200000000000000000e+01,0.000000000000000000e+00,0.000000000000000000e+00,1.032982456140350891e+01,7.751234999999999653e-01,0.000000000000000000e+00,7.750582000000000304e-01,1.430000000000000000e+02,1.000000000000000000e+00
7.200000000000000000e+01,0.000000000000000000e+00,0.000000000000000000e+00,1.065263157894736779e+01,7.750148000000000037e-01,0.000000000000000000e+00,7.748159999999999492e-01,1.430000000000000000e+02,1.000000000000000000e+00
7.200000000000000000e+01,0.000000000000000000e+00,0.000000000000000000e+00,1.097543859649122844e+01,7.745906000000000180e-01,0.000000000000000000e+00,7.745108000000000548e-01,1.430000000000000000e+02,1.000000000000000000e+00
7.200000000000000000e+01,0.000000000000000000e+00,0.000000000000000000e+00,1.129824561403508731e+01,7.744334000000000495e-01,0.000000000000000000e+00,7.741519999999999513e-01,1.430000000000000000e+02,1.000000000000000000e+00
7.200000000000000000e+01,0.000000000000000000e+00,0.000000000000000000e+00,1.162105263157894797e+01,7.738298000000000121e-01,0.000000000000000000e+00,7.736458999999999975e-01,1.430000000000000000e+02,1.000000000000000000e+00
7.200000000000000000e+01,0.000000000000000000e+00,0.000000000000000000e+00,1.194385964912280684e+01,7.733700000000000019e-01,0.000000000000000000e+00,7.732440000000000424e-01,1.430000000000000000e+02,1.000000000000000000e+00
7.200000000000000000e+01,0.000000000000000000e+00,0.000000000000000000e+00,1.226666666666666750e+01,7.730493999999999977e-01,0.000000000000000000e+00,7.729812999999999823e-01,1.430000000000000000e+02,1.000000000000000000e+00
7.200000000000000000e+01,0.000000000000000000e+00,0.000000000000000000e+00,1.258947368421052637e+01,7.727992999999999668e-01,0.000000000000000000e+00,7.729312000000000404e-01,1.430000000000000000e+02,1.000000000000000000e+00
7.200000000000000000e+01,0.000000000000000000e+00,0.000000000000000000e+00,1.291228070175438702e+01,7.728582000000000507e-01,0.000000000000000000e+00,7.727587999999999679e-01,1.430000000000000000e+02,1.000000000000000000e+00
7.200000000000000000e+01,0.000000000000000000e+00,0.000000000000000000e+00,1.323508771929824590e+01,7.728011999999999659e-01,0.000000000000000000e+00,7.727218000000000142e-01,1.430000000000000000e+02,1.000000000000000000e+00
7.200000000000000000e+01,0.000000000000000000e+00,0.000000000000000000e+00,1.355789473684210478e+01,7.727144000000000235e-01,0.000000000000000000e+00,7.723984000000000405e-01,1.430000000000000000e+02,1.000000000000000000e+00
7.200000000000000000e+01,0.000000000000000000e+00,0.000000000000000000e+00,1.388070175438596543e+01,7.723725999999999647e-01,0.000000000000000000e+00,7.723198000000000008e-01,1.430000000000000000e+02,1.000000000000000000e+00
7.200000000000000000e+01,0.000000000000000000e+00,0.000000000000000000e+00,1.420350877192982431e+01,7.720188999999999524e-01,0.000000000000000000e+00,7.718424000000000396e-01,1.430000000000000000e+02,1.000000000000000000e+00
7.200000000000000000e+01,0.000000000000000000e+00,0.000000000000000000e+00,1.452631578947368496e+01,7.715520999999999630e-01,0.000000000000000000e+00,7.714885000000000215e-01,1.430000000000000000e+02,1.000000000000000000e+00
7.200000000000000000e+01,0.000000000000000000e+00,0.000000000000000000e+00,1.484912280701754383e+01,7.715872000000000286e-01,0.000000000000000000e+00,7.713853000000000515e-01,1.430000000000000000e+02,1.000000000000000000e+00
7.200000000000000000e+01,0.000000000000000000e+00,0.000000000000000000e+00,1.517192982456140449e+01,7.711698000000000164e-01,0.000000000000000000e+00,7.712021000000000015e-01,1.430000000000000000e+02,1.000000000000000000e+00
7.200000000000000000e+01,0.000000000000000000e+00,0.000000000000000000e+00,1.549473684210526336e+01,7.711835000000000218e-01,0.000000000000000000e+00,7.713320000000000176e-01,1.430000000000000000e+02,1.000000000000000000e+00
7.200000000000000000e+01,0.000000000000000000e+00,0.000000000000000000e+00,1.581754385964912224e+01,7.709285000000000165e-01,0.000000000000000000e+00,7.706726000000000409e-01,1.430000000000000000e+02,1.000000000000000000e+00
7.200000000000000000e+01,0.000000000000000000e+00,0.000000000000000000e+00,1.614035087719298289e+01,7.705811000000000188e-01,0.000000000000000000e+00,7.705722000000000405e-01,1.430000000000000000e+02,1.000000000000000000e+00
7.200000000000000000e+01,0.000000000000000000e+00,0.000000000000000000e+00,1.646315789473684177e+01,7.706866999999999468e-01,0.000000000000000000e+00,7.702658999999999478e-01,1.430000000000000000e+02,1.000000000000000000e+00
7.200000000000000000e+01,0.000000000000000000e+00,0.000000000000000000e+00,1.678596491228070064e+01,7.702428000000000052e-01,0.000000000000000000e+00,7.700466000000000255e-01,1.430000000000000000e+02,1.000000000000000000e+00
7.200000000000000000e+01,0.000000000000000000e+00,0.000000000000000000e+00,1.710877192982456307e+01,7.699200000000000488e-01,0.000000000000000000e+00,7.696996000000000393e-01,1.430000000000000000e+02,1.000000000000000000e+00
7.200000000000000000e+01,0.000000000000000000e+00,0.000000000000000000e+00,1.743157894736842195e+01,7.693349000000000437e-01,0.000000000000000000e+00,7.692179999999999573e-01,1.430000000000000000e+02,1.000000000000000000e+00
7.200000000000000000e+01,0.000000000000000000e+00,0.000000000000000000e+00,1.775438596491228083e+01,7.692360000000000309e-01,0.000000000000000000e+00,7.691637999999999531e-01,1.430000000000000000e+02,1.000000000000000000e+00
7.200000000000000000e+01,0.000000000000000000e+00,0.000000000000000000e+00,1.807719298245613970e+01,7.690234000000000236e-01,0.000000000000000000e+00,7.689101000000000408e-01,1.430000000000000000e+02,1.000000000000000000e+00
7.200000000000000000e+01,0.000000000000000000e+00,0.000000000000000000e+00,1.839999999999999858e+01,7.687445000000000528e-01,0.000000000000000000e+00,7.688144999999999563e-01,1.430000000000000000e+02,1.000000000000000000e+00
7.200000000000000000e+01,0.000000000000000000e+00,0.000000000000000000e+00,1.872280701754386101e+01,7.687041000000000013e-01,0.000000000000000000e+00,7.686644000000000254e-01,1.430000000000000000e+02,1.000000000000000000e+00
7.200000000000000000e+01,0.000000000000000000e+00,0.000000000000000000e+00,1.904561403508771988e+01,7.685030000000000472e-01,0.000000000000000000e+00,7.683244999999999658e-01,1.430000000000000000e+02,1.000000000000000000e+00
7.200000000000000000e+01,0.000000000000000000e+00,0.000000000000000000e+00,1.936842105263157876e+01,7.682088999999999723e-01,0.000000000000000000e+00,7.680719000000000296e-01,1.430000000000000000e+02,1.000000000000000000e+00
7.200000000000000000e+01,0.000000000000000000e+00,0.000000000000000000e+00,1.969122807017543764e+01,7.680770000000000097e-01,0.000000000000000000e+00,7.677116000000000495e-01,1.430000000000000000e+02,1.000000000000000000e+00
7.200000000000000000e+01,0.000000000000000000e+00,0.000000000000000000e+00,2.001403508771930007e+01,7.674398000000000053e-01,0.000000000000000000e+00,7.676418999999999881e-01,1.430000000000000000e+02,1.000000000000000000e+00
7.200000000000000000e+01,0.000000000000000000e+00,0.000000000000000000e+00,2.033684210526315894e+01,7.674792000000000280e-01,0.000000000000000000e+00,7.675047999999999870e-01,1.430000000000000000e+02,1.000000000000000000e+00
7.200000000000000000e+01,0.000000000000000000e+00,0.000000000000000000e+00,2.065964912280701782e+01,7.673383000000000287e-01,0.000000000000000000e+00,7.673858999999999542e-01,1.430000000000000000e+02,1.000000000000000000e+00
7.200000000000000000e+01,0.000000000000000000e+00,0.000000000000000000e+00,2.098245614035087669e+01,7.675134000000000123e-01,0.000000000000000000e+00,7.671620999999999579e-01,1.430000000000000000e+02,1.000000000000000000e+00
7.200000000000000000e+01,0.000000000000000000e+00,0.000000000000000000e+00,2.130526315789473557e+01,7.672949000000000019e-01,0.000000000000000000e+00,7.671213000000000060e-01,1.430000000000000000e+02,1.000000000000000000e+00
7.200000000000000000e+01,0.000000000000000000e+00,0.000000000000000000e+00,2.162807017543859800e+01,7.669169000000000125e-01,0.000000000000000000e+00,7.669179000000000412e-01,1.430000000000000000e+02,1.000000000000000000e+00
7.200000000000000000e+01,0.000000000000000000e+00,0.000000000000000000e+00,2.195087719298245688e+01,7.667728999999999795e-01,0.000000000000000000e+00,7.667899999999999716e-01,1.430000000000000000e+02,1.000000000000000000e+00
7.200000000000000000e+01,0.000000000000000000e+00,0.000000000000000000e+00,2.227368421052631575e+01,7.668017000000000305e-01,0.000000000000000000e+00,7.667186999999999752e-01,1.430000000000000000e+02,1.000000000000000000e+00
7.200000000000000000e+01,0.000000000000000000e+00,0.000000000000000000e+00,2.259649122807017463e+01,7.664665000000000505e-01,0.000000000000000000e+00,7.663925999999999794e-01,1.430000000000000000e+02,1.000000000000000000e+00
7.200000000000000000e+01,0.000000000000000000e+00,0.000000000000000000e+00,2.291929824561403706e+01,7.663480000000000292e-01,0.000000000000000000e+00,7.665473999999999899e-01,1.430000000000000000e+02,1.000000000000000000e+00
7.200000000000000000e+01,0.000000000000000000e+00,0.000000000000000000e+00,2.324210526315789593e+01,7.663419999999999677e-01,0.000000000000000000e+00,7.662269000000000441e-01,1.430000000000000000e+02,1.000000000000000000e+00
7.200000000000000000e+01,0.000000000000000000e+00,0.000000000000000000e+00,2.356491228070175481e+01,7.661371000000000153e-01,0.000000000000000000e+00,7.661225000000000396e-01,1.430000000000000000e+02,1.000000000000000000e+00
7.200000000000000000e+01,0.000000000000000000e+00,0.000000000000000000e+00,2.388771929824561369e+01,7.660261999999999905e-01,0.000000000000000000e+00,7.658411000000000524e-01,1.430000000000000000e+02,1.000000000000000000e+00
7.200000000000000000e+01,0.000000000000000000e+00,0.000000000000000000e+00,2.421052631578947256e+01,-4.225626000000000122e-04,0.000000000000000000e+00,5.300000000000000266e-01,1.430000000000000000e+02,2.000000000000000000e+00
7.200000000000000000e+01,0.000000000000000000e+00,0.000000000000000000e+00,2.453333333333333499e+01,-4.192444999999999939e-04,0.000000000000000000e+00,5.400000000000000355e-01,1.430000000000000000e+02,2.000000000000000000e+00
7.200000000000000000e+01,0.000000000000000000e+00,0.000000000000000000e+00,2.485614035087719387e+01,-4.192520999999999835e-04,0.000000000000000000e+00,5.500000000000000444e-01,1.430000000000000000e+02,2.000000000000000000e+00
7.200000000000000000e+01,0.000000000000000000e+00,0.000000000000000000e+00,2.517894736842105274e+01,-4.137007999999999745e-04,0.000000000000000000e+00,5.600000000000000533e-01,1.430000000000000000e+02,2.000000000000000000e+00
7.200000000000000000e+01,0.000000000000000000e+00,0.000000000000000000e+00,2.550175438596491162e+01,-4.055827999999999820e-04,0.000000000000000000e+00,5.699999999999999512e-01,1.430000000000000000e+02,2.000000000000000000e+00
7.200000000000000000e+01,0.000000000000000000e+00,0.000000000000000000e+00,2.582456140350877405e+01,-3.917721999999999893e-04,0.000000000000000000e+00,5.799999999999999600e-01,1.430000000000000000e+02,2.000000000000000000e+00
7.200000000000000000e+01,0.000000000000000000e+00,0.000000000000000000e+00,2.614736842105263293e+01,-3.685949999999999904e-04,0.000000000000000000e+00,5.899999999999999689e-01,1.430000000000000000e+02,2.000000000000000000e+00
7.200000000000000000e+01,0.000000000000000000e+00,0.000000000000000000e+00,2.647017543859649180e+01,-3.558769000000000147e-04,0.000000000000000000e+00,5.999999999999999778e-01,1.430000000000000000e+02,2.000000000000000000e+00
7.200000000000000000e+01,0.000000000000000000e+00,0.000000000000000000e+00,2.679298245614035068e+01,-3.522023000000000211e-04,0.000000000000000000e+00,6.099999999999999867e-01,1.430000000000000000e+02,2.000000000000000000e+00
7.200000000000000000e+01,0.000000000000000000e+00,0.000000000000000000e+00,2.711578947368420955e+01,-3.389201000000000214e-04,0.000000000000000000e+00,6.199999999999999956e-01,1.430000000000000000e+02,2.000000000000000000e+00
7.200000000000000000e+01,0.000000000000000000e+00,0.000000000000000000e+00,2.743859649122807198e+01,-3.634860999999999756e-04,0.000000000000000000e+00,6.300000000000000044e-01,1.430000000000000000e+02,2.000000000000000000e+00
7.200000000000000000e+01,0.000000000000000000e+00,0.000000000000000000e+00,2.776140350877193086e+01,-4.097012000000000136e-04,0.000000000000000000e+00,5.699999999999999512e-01,1.430000000000000000e+02,2.000000000000000000e+00
7.200000000000000000e+01,0.000000000000000000e+00,0.000000000000000000e+00,2.808421052631578974e+01,-4.124344000000000165e-04,0.000000000000000000e+00,5.699999999999999512e-01,1.430000000000000000e+02,2.000000000000000000e+00
7.200000000000000000e+01,0.000000000000000000e+00,0.000000000000000000e+00,2.840701754385964861e+01,-4.134292999999999822e-04,0.000000000000000000e+00,5.699999999999999512e-01,1.430000000000000000e+02,2.000000000000000000e+00
7.200000000000000000e+01,0.000000000000000000e+00,0.000000000000000000e+00,2.872982456140350749e+01,-4.141751999999999847e-04,0.000000000000000000e+00,5.699999999999999512e-01,1.430000000000000000e+02,2.000000000000000000e+00
7.200000000000000000e+01,0.000000000000000000e+00,0.000000000000000000e+00,2.905263157894736992e+01,-4.146824999999999925e-04,0.000000000000000000e+00,5.699999999999999512e-01,1.430000000000000000e+02,2.000000000000000000e+00
7.200000000000000000e+01,0.000000000000000000e+00,0.000000000000000000e+00,2.937543859649122879e+01,-4.151134000000000226e-04,0.000000000000000000e+00,5.699999999999999512e-01,1.430000000000000000e+02,2.000000000000000000e+00
7.200000000000000000e+01,0.000000000000000000e+00,0.000000000000000000e+00,2.969824561403508767e+01,-4.155262000000000061e-04,0.000000000000000000e+00,5.699999999999999512e-01,1.430000000000000000e+02,2.000000000000000000e+00
7.200000000000000000e+01,0.000000000000000000e+00,0.000000000000000000e+00,3.002105263157894655e+01,-4.157685000000000157e-04,0.000000000000000000e+00,5.699999999999999512e-01,1.430000000000000000e+02,2.000000000000000000e+00
7.200000000000000000e+01,0.000000000000000000e+00,0.000000000000000000e+00,3.034385964912280897e+01,-4.159807000000000066e-04,0.000000000000000000e+00,5.699999999999999512e-01,1.430000000000000000e+02,2.000000000000000000e+00
7.200000000000000000e+01,0.000000000000000000e+00,0.000000000000000000e+00,3.066666666666666785e+01,-4.161308000000000173e-04,0.000000000000000000e+00,5.699999999999999512e-01,1.430000000000000000e+02,2.000000000000000000e+00
7.200000000000000000e+01,0.000000000000000000e+00,0.000000000000000000e+00,3.098947368421052673e+01,-4.164878999999999803e-04,0.000000000000000000e+00,5.699999999999999512e-01,1.430000000000000000e+02,2.000000000000000000e+00
7.200000000000000000e+01,0.000000000000000000e+00,0.000000000000000000e+00,3.131228070175438560e+01,-4.166654000000000104e-04,0.000000000000000000e+00,5.699999999999999512e-01,1.430000000000000000e+02,2.000000000000000000e+00
7.200000000000000000e+01,0.000000000000000000e+00,0.000000000000000000e+00,3.163508771929824448e+01,-4.169042000000000190e-04,0.000000000000000000e+00,5.699999999999999512e-01,1.430000000000000000e+02,2.000000000000000000e+00
7.200000000000000000e+01,0.000000000000000000e+00,0.000000000000000000e+00,3.195789473684210691e+01,-4.171223999999999960e-04,0.000000000000000000e+00,5.699999999999999512e-01,1.430000000000000000e+02,2.000000000000000000e+00
7.200000000000000000e+01,0.000000000000000000e+00,0.000000000000000000e+00,3.228070175438596578e+01,-4.172258999999999994e-04,0.000000000000000000e+00,5.699999999999999512e-01,1.430000000000000000e+02,2.000000000000000000e+00
7.200000000000000000e+01,0.000000000000000000e+00,0.000000000000000000e+00,3.260350877192982466e+01,-4.173833000000000057e-04,0.000000000000000000e+00,5.699999999999999512e-01,1.430000000000000000e+02,2.000000000000000000e+00
7.200000000000000000e+01,0.000000000000000000e+00,0.000000000000000000e+00,3.292631578947368354e+01,-4.174779000000000098e-04,0.000000000000000000e+00,5.699999999999999512e-01,1.430000000000000000e+02,2.000000000000000000e+00
7.200000000000000000e+01,0.000000000000000000e+00,0.000000000000000000e+00,3.324912280701754241e+01,-4.176410999999999882e-04,0.000000000000000000e+00,5.699999999999999512e-01,1.430000000000000000e+02,2.000000000000000000e+00
7.200000000000000000e+01,0.000000000000000000e+00,0.000000000000000000e+00,3.357192982456140129e+01,-4.178203999999999816e-04,0.000000000000000000e+00,5.699999999999999512e-01,1.430000000000000000e+02,2.000000000000000000e+00
7.200000000000000000e+01,0.000000000000000000e+00,0.000000000000000000e+00,3.389473684210526017e+01,-4.179337000000000199e-04,0.000000000000000000e+00,5.699999999999999512e-01,1.430000000000000000e+02,2.000000000000000000e+00
7.200000000000000000e+01,0.000000000000000000e+00,0.000000000000000000e+00,3.421754385964912615e+01,-4.180655000000000243e-04,0.000000000000000000e+00,5.699999999999999512e-01,1.430000000000000000e+02,2.000000000000000000e+00
7.200000000000000000e+01,0.000000000000000000e+00,0.000000000000000000e+00,3.454035087719298502e+01,-4.182392999999999853e-04,0.000000000000000000e+00,5.699999999999999512e-01,1.430000000000000000e+02,2.000000000000000000e+00
7.200000000000000000e+01,0.000000000000000000e+00,0.000000000000000000e+00,3.486315789473684390e+01,-4.182977000000000049e-04,0.000000000000000000e+00,5.699999999999999512e-01,1.430000000000000000e+02,2.000000000000000000e+00
7.200000000000000000e+01,0.000000000000000000e+00,0.000000000000000000e+00,3.518596491228070278e+01,-4.184249999999999927e-04,0.000000000000000000e+00,5.699999999999999512e-01,1.430000000000000000e+02,2.000000000000000000e+00
7.200000000000000000e+01,0.000000000000000000e+00,0.000000000000000000e+00,3.550877192982456165e+01,-4.185384999999999908e-04,0.000000000000000000e+00,5.699999999999999512e-01,1.430000000000000000e+02,2.000000000000000000e+00
7.200000000000000000e+01,0.000000000000000000e+00,0.000000000000000000e+00,3.583157894736842053e+01,-4.187120999999999920e-04,0.000000000000000000e+00,5.699999999999999512e-01,1.430000000000000000e+02,2.000000000000000000e+00
7.200000000000000000e+01,0.000000000000000000e+00,0.000000000000000000e+00,3.615438596491227941e+01,-4.188021999999999795e-04,0.000000000000000000e+00,5.699999999999999512e-01,1.430000000000000000e+02,2.000000000000000000e+00
7.200000000000000000e+01,0.000000000000000000e+00,0.000000000000000000e+00,3.647719298245613828e+01,-4.188660999999999773e-04,0.000000000000000000e+00,5.699999999999999512e-01,1.430000000000000000e+02,2.000000000000000000e+00
7.200000000000000000e+01,0.000000000000000000e+00,0.000000000000000000e+00,3.679999999999999716e+01,-4.190552999999999856e-04,0.000000000000000000e+00,5.699999999999999512e-01,1.430000000000000000e+02,2.000000000000000000e+00
7.200000000000000000e+01,0.000000000000000000e+00,0.000000000000000000e+00,3.712280701754386314e+01,-4.192061999999999980e-04,0.000000000000000000e+00,5.699999999999999512e-01,1.430000000000000000e+02,2.000000000000000000e+00
7.200000000000000000e+01,0.000000000000000000e+00,0.000000000000000000e+00,3.744561403508772202e+01,-4.193056000000000127e-04,0.000000000000000000e+00,5.699999999999999512e-01,1.430000000000000000e+02,2.000000000000000000e+00
7.200000000000000000e+01,0.000000000000000000e+00,0.000000000000000000e+00,3.776842105263158089e+01,-4.194768999999999885e-04,0.000000000000000000e+00,5.699999999999999512e-01,1.430000000000000000e+02,2.000000000000000000e+00
7.200000000000000000e+01,0.000000000000000000e+00,0.000000000000000000e+00,3.809122807017543977e+01,-4.195253999999999932e-04,0.000000000000000000e+00,5.699999999999999512e-01,1.430000000000000000e+02,2.000000000000000000e+00
7.200000000000000000e+01,0.000000000000000000e+00,0.000000000000000000e+00,3.841403508771929864e+01,-4.196366000000000202e-04,0.000000000000000000e+00,5.699999999999999512e-01,1.430000000000000000e+02,2.000000000000000000e+00
7.200000000000000000e+01,0.000000000000000000e+00,0.000000000000000000e+00,3.873684210526315752e+01,-4.197283000000000112e-04,0.000000000000000000e+00,5.699999999999999512e-01,1.430000000000000000e+02,2.000000000000000000e+00
7.200000000000000000e+01,0.000000000000000000e+00,0.000000000000000000e+00,3.905964912280701640e+01,-4.197653999999999773e-04,0.000000000000000000e+00,5.699999999999999512e-01,1.430000000000000000e+02,2.000000000000000000e+00
7.200000000000000000e+01,0.000000000000000000e+00,0.000000000000000000e+00,3.938245614035087527e+01,-4.198005000000000204e-04,0.000000000000000000e+00,5.699999999999999512e-01,1.430000000000000000e+02,2.000000000000000000e+00
7.200000000000000000e+01,0.000000000000000000e+00,0.000000000000000000e+00,3.970526315789473415e+01,-4.200542000000000143e-04,0.000000000000000000e+00,5.699999999999999512e-01,1.430000000000000000e+02,2.000000000000000000e+00
7.200000000000000000e+01,0.000000000000000000e+00,0.000000000000000000e+00,4.002807017543860013e+01,-4.200936999999999857e-04,0.000000000000000000e+00,5.699999999999999512e-01,1.430000000000000000e+02,2.000000000000000000e+00
7.200000000000000000e+01,0.000000000000000000e+00,0.000000000000000000e+00,4.035087719298245901e+01,-4.201634999999999897e-04,0.000000000000000000e+00,5.699999999999999512e-01,1.430000000000000000e+02,2.000000000000000000e+00
7.200000000000000000e+01,0.000000000000000000e+00,0.000000000000000000e+00,4.067368421052631788e+01,-4.202723999999999913e-04,0.000000000000000000e+00,5.699999999999999512e-01,1.430000000000000000e+02,2.000000000000000000e+00
7.200000000000000000e+01,0.000000000000000000e+00,0.000000000000000000e+00,4.099649122807017676e+01,-4.202842999999999835e-04,0.000000000000000000e+00,5.699999999999999512e-01,1.430000000000000000e+02,2.000000000000000000e+00
7.200000000000000000e+01,0.000000000000000000e+00,0.000000000000000000e+00,4.131929824561403564e+01,-4.203664999999999876e-04,0.000000000000000000e+00,5.699999999999999512e-01,1.430000000000000000e+02,2.000000000000000000e+00
7.200000000000000000e+01,0.000000000000000000e+00,0.000000000000000000e+00,4.164210526315789451e+01,-4.203831999999999903e-04,0.000000000000000000e+00,5.699999999999999512e-01,1.430000000000000000e+02,2.000000000000000000e+00
7.200000000000000000e+01,0.000000000000000000e+00,0.000000000000000000e+00,4.196491228070175339e+01,-4.204804000000000137e-04,0.000000000000000000e+00,5.699999999999999512e-01,1.430000000000000000e+02,2.000000000000000000e+00
7.200000000000000000e+01,0.000000000000000000e+00,0.000000000000000000e+00,4.228771929824561226e+01,-4.205370000000000158e-04,0.000000000000000000e+00,5.699999999999999512e-01,1.430000000000000000e+02,2.000000000000000000e+00
7.200000000000000000e+01,0.000000000000000000e+00,0.000000000000000000e+00,4.261052631578947114e+01,-4.205993999999999900e-04,0.000000000000000000e+00,5.699999999999999512e-01,1.430000000000000000e+02,2.000000000000000000e+00
7.200000000000000000e+01,0.000000000000000000e+00,0.000000000000000000e+00,4.293333333333333712e+01,-4.206330000000000095e-04,0.000000000000000000e+00,5.699999999999999512e-01,1.430000000000000000e+02,2.000000000000000000e+00
7.200000000000000000e+01,0.000000000000000000e+00,0.000000000000000000e+00,4.325614035087719600e+01,-4.206020000000000093e-04,0.000000000000000000e+00,5.699999999999999512e-01,1.430000000000000000e+02,2.000000000000000000e+00
7.200000000000000000e+01,0.000000000000000000e+00,0.000000000000000000e+00,4.357894736842105488e+01,-4.206451000000000157e-04,0.000000000000000000e+00,5.699999999999999512e-01,1.430000000000000000e+02,2.000000000000000000e+00
7.200000000000000000e+01,0.000000000000000000e+00,0.000000000000000000e+00,4.390175438596491375e+01,-5.711763999999999817e-04,0.000000000000000000e+00,-5.623609000000000116e-04,1.430000000000000000e+02,3.000000000000000000e+00
7.200000000000000000e+01,0.000000000000000000e+00,0.000000000000000000e+00,4.422456140350877263e+01,-5.597723000000000412e-04,0.000000000000000000e+00,-5.585227000000000117e-04,1.430000000000000000e+02,3.000000000000000000e+00
7.200000000000000000e+01,0.000000000000000000e+00,0.000000000000000000e+00,4.454736842105263150e+01,-5.579498999999999483e-04,0.000000000000000000e+00,-5.578195999999999675e-04,1.430000000000000000e+02,3.000000000000000000e+00
7.200000000000000000e+01,0.000000000000000000e+00,0.000000000000000000e+00,4.487017543859649038e+01,-5.579492999999999606e-04,0.000000000000000000e+00,-5.582614999999999539e-04,1.430000000000000000e+02,3.000000000000000000e+00
7.200000000000000000e+01,0.000000000000000000e+00,0.000000000000000000e+00,4.519298245614034926e+01,-5.585470999999999839e-04,0.000000000000000000e+00,-5.587341000000000009e-04,1.430000000000000000e+02,3.000000000000000000e+00
7.200000000000000000e+01,0.000000000000000000e+00,0.000000000000000000e+00,4.551578947368420813e+01,-5.591107999999999799e-04,0.000000000000000000e+00,-5.593167999999999708e-04,1.430000000000000000e+02,3.000000000000000000e+00
7.200000000000000000e+01,0.000000000000000000e+00,0.000000000000000000e+00,4.583859649122807411e+01,-5.593196999999999839e-04,0.000000000000000000e+00,-5.596657000000000107e-04,1.430000000000000000e+02,3.000000000000000000e+00
7.200000000000000000e+01,0.000000000000000000e+00,0.000000000000000000e+00,4.616140350877193299e+01,-5.601106000000000444e-04,0.000000000000000000e+00,-5.590624999999999891e-04,1.430000000000000000e+02,3.000000000000000000e+00
7.200000000000000000e+01,0.000000000000000000e+00,0.000000000000000000e+00,4.648421052631579187e+01,-5.605558999999999976e-04,0.000000000000000000e+00,-5.607270000000000136e-04,1.430000000000000000e+02,3.000000000000000000e+00
7.200000000000000000e+01,0.000000000000000000e+00,0.000000000000000000e+00,4.680701754385965074e+01,-5.610059999999999613e-04,0.000000000000000000e+00,-5.612072999999999758e-04,1.430000000000000000e+02,3.000000000000000000e+00
7.200000000000000000e+01,0.000000000000000000e+00,0.000000000000000000e+00,4.712982456140350962e+01,-5.613610000000000214e-04,0.000000000000000000e+00,-5.613708000000000023e-04,1.430000000000000000e+02,3.000000000000000000e+00
7.200000000000000000e+01,0.000000000000000000e+00,0.000000000000000000e+00,4.745263157894736850e+01,-5.613813000000000050e-04,0.000000000000000000e+00,-5.615080999999999848e-04,1.430000000000000000e+02,3.000000000000000000e+00
7.200000000000000000e+01,0.000000000000000000e+00,0.000000000000000000e+00,4.777543859649122737e+01,-5.618233000000000255e-04,0.000000000000000000e+00,-5.620513000000000375e-04,1.430000000000000000e+02,3.000000000000000000e+00
7.200000000000000000e+01,0.000000000000000000e+00,0.000000000000000000e+00,4.809824561403508625e+01,-5.620177999999999979e-04,0.000000000000000000e+00,-5.621151000000000012e-04,1.430000000000000000e+02,3.000000000000000000e+00
7.200000000000000000e+01,0.000000000000000000e+00,0.000000000000000000e+00,4.842105263157894512e+01,-5.621493999999999883e-04,0.000000000000000000e+00,-5.623750999999999750e-04,1.430000000000000000e+02,3.000000000000000000e+00
7.200000000000000000e+01,0.000000000000000000e+00,0.000000000000000000e+00,4.874385964912281111e+01,-5.625031000000000388e-04,0.000000000000000000e+00,-5.625215999999999507e-04,1.430000000000000000e+02,3.000000000000000000e+00
7.200000000000000000e+01,0.000000000000000000e+00,0.000000000000000000e+00,4.906666666666666998e+01,-5.626806999999999946e-04,0.000000000000000000e+00,-5.627744999999999970e-04,1.430000000000000000e+02,3.000000000000000000e+00
7.200000000000000000e+01,0.000000000000000000e+00,0.000000000000000000e+00,4.938947368421052886e+01,-5.629590999999999545e-04,0.000000000000000000e+00,-5.629648999999999808e-04,1.430000000000000000e+02,3.000000000000000000e+00
7.200000000000000000e+01,0.000000000000000000e+00,0.000000000000000000e+00,4.971228070175438774e+01,-5.630938999999999519e-04,0.000000000000000000e+00,-5.632214999999999878e-04,1.430000000000000000e+02,3.000000000000000000e+00
7.200000000000000000e+01,0.000000000000000000e+00,0.000000000000000000e+00,5.003508771929824661e+01,-5.632992000000000294e-04,0.000000000000000000e+00,-5.634617000000000401e-04,1.430000000000000000e+02,3.000000000000000000e+00
7.200000000000000000e+01,0.000000000000000000e+00,0.000000000000000000e+00,5.035789473684210549e+01,-5.634815999999999957e-04,0.000000000000000000e+00,-5.634960999999999529e-04,1.430000000000000000e+02,3.000000000000000000e+00
7.200000000000000000e+01,0.000000000000000000e+00,0.000000000000000000e+00,5.068070175438596436e+01,-5.634893000000000193e-04,0.000000000000000000e+00,-5.635949000000000340e-04,1.430000000000000000e+02,3.000000000000000000e+00
7.200000000000000000e+01,0.000000000000000000e+00,0.000000000000000000e+00,5.100350877192982324e+01,-5.637447000000000508e-04,0.000000000000000000e+00,-5.637987000000000337e-04,1.430000000000000000e+02,3.000000000000000000e+00
7.200000000000000000e+01,0.000000000000000000e+00,0.000000000000000000e+00,5.132631578947368212e+01,-5.638741000000000499e-04,0.000000000000000000e+00,-5.640336000000000134e-04,1.430000000000000000e+02,3.000000000000000000e+00
7.200000000000000000e+01,0.000000000000000000e+00,0.000000000000000000e+00,5.164912280701754810e+01,-5.639914999999999685e-04,0.000000000000000000e+00,-5.640184999999999600e-04,1.430000000000000000e+02,3.000000000000000000e+00
7.200000000000000000e+01,0.000000000000000000e+00,0.000000000000000000e+00,5.197192982456140697e+01,-5.639783000000000209e-04,0.000000000000000000e+00,-5.642207999999999902e-04,1.430000000000000000e+02,3.000000000000000000e+00
7.200000000000000000e+01,0.000000000000000000e+00,0.000000000000000000e+00,5.229473684210526585e+01,-5.642530000000000202e-04,0.000000000000000000e+00,-5.643506000000000173e-04,1.430000000000000000e+02,3.000000000000000000e+00
7.200000000000000000e+01,0.000000000000000000e+00,0.000000000000000000e+00,5.261754385964912473e+01,-5.644874000000000462e-04,0.000000000000000000e+00,-5.645265999999999696e-04,1.430000000000000000e+02,3.000000000000000000e+00
7.200000000000000000e+01,0.000000000000000000e+00,0.000000000000000000e+00,5.294035087719298360e+01,-5.646657000000000239e-04,0.000000000000000000e+00,-5.647652000000000184e-04,1.430000000000000000e+02,3.000000000000000000e+00
7.200000000000000000e+01,0.000000000000000000e+00,0.000000000000000000e+00,5.326315789473684248e+01,-5.648231999999999559e-04,0.000000000000000000e+00,-5.648708000000000331e-04,1.430000000000000000e+02,3.000000000000000000e+00
7.200000000000000000e+01,0.000000000000000000e+00,0.000000000000000000e+00,5.358596491228070136e+01,-5.649299000000000204e-04,0.000000000000000000e+00,-5.649519000000000415e-04,1.430000000000000000e+02,3.000000000000000000e+00
7.200000000000000000e+01,0.000000000000000000e+00,0.000000000000000000e+00,5.390877192982456023e+01,-5.652256999999999507e-04,0.000000000000000000e+00,-5.652949000000000212e-04,1.430000000000000000e+02,3.000000000000000000e+00
7.200000000000000000e+01,0.000000000000000000e+00,0.000000000000000000e+00,5.423157894736841911e+01,-5.652666000000000201e-04,0.000000000000000000e+00,-5.654129999999999616e-04,1.430000000000000000e+02,3.000000000000000000e+00
7.200000000000000000e+01,0.000000000000000000e+00,0.000000000000000000e+00,5.455438596491227798e+01,-5.655146999999999475e-04,0.000000000000000000e+00,-5.654590000000000354e-04,1.430000000000000000e+02,3.000000000000000000e+00
7.200000000000000000e+01,0.000000000000000000e+00,0.000000000000000000e+00,5.487719298245614397e+01,-5.655156999999999632e-04,0.000000000000000000e+00,-5.655360999999999808e-04,1.430000000000000000e+02,3.000000000000000000e+00
7.200000000000000000e+01,0.000000000000000000e+00,0.000000000000000000e+00,5.520000000000000284e+01,-5.656759999999999827e-04,0.000000000000000000e+00,-5.656867999999999792e-04,1.430000000000000000e+02,3.000000000000000000e+00
7.200000000000000000e+01,0.000000000000000000e+00,0.000000000000000000e+00,5.552280701754386172e+01,-5.658329000000000353e-04,0.000000000000000000e+00,-5.658910000000000069e-04,1.430000000000000000e+02,3.000000000000000000e+00
7.200000000000000000e+01,0.000000000000000000e+00,0.000000000000000000e+00,5.584561403508772059e+01,-5.660462999999999476e-04,0.000000000000000000e+00,-5.659970000000000495e-04,1.430000000000000000e+02,3.000000000000000000e+00
7.200000000000000000e+01,0.000000000000000000e+00,0.000000000000000000e+00,5.616842105263157947e+01,-5.660888999999999461e-04,0.000000000000000000e+00,-5.662277000000000065e-04,1.430000000000000000e+02,3.000000000000000000e+00
7.200000000000000000e+01,0.000000000000000000e+00,0.000000000000000000e+00,5.649122807017543835e+01,-5.663397999999999610e-04,0.000000000000000000e+00,-5.662746999999999876e-04,1.430000000000000000e+02,3.000000000000000000e+00
7.200000000000000000e+01,0.000000000000000000e+00,0.000000000000000000e+00,5.681403508771929722e+01,-5.663597999999999506e-04,0.000000000000000000e+00,-5.660988999999999952e-04,1.430000000000000000e+02,3.000000000000000000e+00
7.200000000000000000e+01,0.000000000000000000e+00,0.000000000000000000e+00,5.713684210526315610e+01,-5.664167999999999807e-04,0.000000000000000000e+00,-5.664975999999999953e-04,1.430000000000000000e+02,3.000000000000000000e+00
7.200000000000000000e+01,0.000000000000000000e+00,0.000000000000000000e+00,5.745964912280701498e+01,-5.665200999999999701e-04,0.000000000000000000e+00,-5.665464999999999737e-04,1.430000000000000000e+02,3.000000000000000000e+00
7.200000000000000000e+01,0.000000000000000000e+00,0.000000000000000000e+00,5.778245614035088096e+01,-5.665752000000000028e-04,0.000000000000000000e+00,-5.667130000000000474e-04,1.430000000000000000e+02,3.000000000000000000e+00
7.200000000000000000e+01,0.000000000000000000e+00,0.000000000000000000e+00,5.810526315789473983e+01,-5.667464000000000529e-04,0.000000000000000000e+00,-5.667927000000000121e-04,1.430000000000000000e+02,3.000000000000000000e+00
7.200000000000000000e+01,0.000000000000000000e+00,0.000000000000000000e+00,5.842807017543859871e+01,-5.668122999999999738e-04,0.000000000000000000e+00,-5.667984000000000043e-04,1.430000000000000000e+02,3.000000000000000000e+00
7.200000000000000000e+01,0.000000000000000000e+00,0.000000000000000000e+00,5.875087719298245759e+01,-5.668618999999999741e-04,0.000000000000000000e+00,-5.669006999999999779e-04,1.430000000000000000e+02,3.000000000000000000e+00
7.200000000000000000e+01,0.000000000000000000e+00,0.000000000000000000e+00,5.907368421052631646e+01,-5.669737000000000431e-04,0.000000000000000000e+00,-5.670869000000000474e-04,1.430000000000000000e+02,3.000000000000000000e+00
7.200000000000000000e+01,0.000000000000000000e+00,0.000000000000000000e+00,5.939649122807017534e+01,-5.671177999999999593e-04,0.000000000000000000e+00,-5.670726999999999756e-04,1.430000000000000000e+02,3.000000000000000000e+00
7.200000000000000000e+01,0.000000000000000000e+00,0.000000000000000000e+00,5.971929824561403422e+01,-5.671216999999999881e-04,0.000000000000000000e+00,-5.671887999999999930e-04,1.430000000000000000e+02,3.000000000000000000e+00
7.200000000000000000e+01,0.000000000000000000e+00,0.000000000000000000e+00,6.004210526315789309e+01,1.242246999999999969e-02,0.000000000000000000e+00,1.199999999999999956e+00,1.430000000000000000e+02,4.000000000000000000e+00
7.200000000000000000e+01,0.000000000000000000e+00,0.000000000000000000e+00,6.036491228070175197e+01,1.536944999999999978e-02,0.000000000000000000e+00,1.149999999999999911e+00,1.430000000000000000e+02,4.000000000000000000e+00
7.200000000000000000e+01,0.000000000000000000e+00,0.000000000000000000e+00,6.068771929824561795e+01,1.302137000000000086e-02,0.000000000000000000e+00,1.100000000000000089e+00,1.430000000000000000e+02,4.000000000000000000e+00
7.200000000000000000e+01,0.000000000000000000e+00,0.000000000000000000e+00,6.101052631578947683e+01,1.073933000000000006e-02,0.000000000000000000e+00,1.050000000000000044e+00,1.430000000000000000e+02,4.000000000000000000e+00
7.200000000000000000e+01,0.000000000000000000e+00,0.000000000000000000e+00,6.133333333333333570e+01,8.506489000000000758e-03,0.000000000000000000e+00,1.000000000000000000e+00,1.430000000000000000e+02,4.000000000000000000e+00
7.200000000000000000e+01,0.000000000000000000e+00,0.000000000000000000e+00,6.165614035087719458e+01,6.832976999999999627e-03,0.000000000000000000e+00,9.499999999999999556e-01,1.430000000000000000e+02,4.000000000000000000e+00
7.200000000000000000e+01,0.000000000000000000e+00,0.000000000000000000e+00,6.197894736842105345e+01,5.294537999999999675e-03,0.000000000000000000e+00,9.000000000000000222e-01,1.430000000000000000e+02,4.000000000000000000e+00
7.200000000000000000e+01,0.000000000000000000e+00,0.000000000000000000e+00,6.230175438596491233e+01,3.943277999999999714e-03,0.000000000000000000e+00,8.499999999999999778e-01,1.430000000000000000e+02,4.000000000000000000e+00
7.200000000000000000e+01,0.000000000000000000e+00,0.000000000000000000e+00,6.262456140350877121e+01,2.784154999999999963e-03,0.000000000000000000e+00,8.000000000000000444e-01,1.430000000000000000e+02,4.000000000000000000e+00
7.200000000000000000e+01,0.000000000000000000e+00,0.000000000000000000e+00,6.294736842105263008e+01,1.916334999999999913e-03,0.000000000000000000e+00,7.500000000000000000e-01,1.430000000000000000e+02,4.000000000000000000e+00
7.200000000000000000e+01,0.000000000000000000e+00,0.000000000000000000e+00,6.327017543859648896e+01,1.165166999999999939e-03,0.000000000000000000e+00,6.999999999999999556e-01,1.430000000000000000e+02,4.000000000000000000e+00
7.200000000000000000e+01,0.000000000000000000e+00,0.000000000000000000e+00,6.359298245614035494e+01,5.797794000000000211e-04,0.000000000000000000e+00,6.500000000000000222e-01,1.430000000000000000e+02,4.000000000000000000e+00
7.200000000000000000e+01,0.000000000000000000e+00,0.000000000000000000e+00,6.391578947368421382e+01,1.706870999999999942e-04,0.000000000000000000e+00,5.999999999999999778e-01,1.430000000000000000e+02,4.000000000000000000e+00
7.200000000000000000e+01,0.000000000000000000e+00,0.000000000000000000e+00,6.423859649122806559e+01,-1.497641999999999984e-04,0.000000000000000000e+00,5.500000000000000444e-01,1.430000000000000000e+02,4.000000000000000000e+00
7.200000000000000000e+01,0.000000000000000000e+00,0.000000000000000000e+00,6.456140350877193157e+01,-2.709680999999999917e-04,0.000000000000000000e+00,5.000000000000000000e-01,1.430000000000000000e+02,4.000000000000000000e+00
7.200000000000000000e+01,0.000000000000000000e+00,0.000000000000000000e+00,6.488421052631578334e+01,-4.065553000000000070e-04,0.000000000000000000e+00,4.500000000000000111e-01,1.430000000000000000e+02,4.000000000000000000e+00
7.200000000000000000e+01,0.000000000000000000e+00,0.000000000000000000e+00,6.520701754385964932e+01,-4.715435000000000026e-04,0.000000000000000000e+00,4.000000000000000222e-01,1.430000000000000000e+02,4.000000000000000000e+00
7.200000000000000000e+01,0.000000000000000000e+00,0.000000000000000000e+00,6.552982456140351530e+01,-5.054416000000000160e-04,0.000000000000000000e+00,3.499999999999999778e-01,1.430000000000000000e+02,4.000000000000000000e+00
7.200000000000000000e+01,0.000000000000000000e+00,0.000000000000000000e+00,6.585263157894736707e+01,-5.227288000000000290e-04,0.000000000000000000e+00,2.999999999999999889e-01,1.430000000000000000e+02,4.000000000000000000e+00
7.200000000000000000e+01,0.000000000000000000e+00,0.000000000000000000e+00,6.617543859649123306e+01,-5.216103999999999619e-04,0.000000000000000000e+00,2.500000000000000000e-01,1.430000000000000000e+02,4.000000000000000000e+00
7.200000000000000000e+01,0.000000000000000000e+00,0.000000000000000000e+00,6.649824561403508483e+01,-5.365297000000000208e-04,0.000000000000000000e+00,2.000000000000000111e-01,1.430000000000000000e+02,4.000000000000000000e+00
7.200000000000000000e+01,0.000000000000000000e+00,0.000000000000000000e+00,6.682105263157895081e+01,-5.383712000000000133e-04,0.000000000000000000e+00,1.499999999999999944e-01,1.430000000000000000e+02,4.000000000000000000e+00
7.200000000000000000e+01,0.000000000000000000e+00,0.000000000000000000e+00,6.714385964912280258e+01,-5.336425000000000326e-04,0.000000000000000000e+00,1.000000000000000056e-01,1.430000000000000000e+02,4.000000000000000000e+00
7.200000000000000000e+01,0.000000000000000000e+00,0.000000000000000000e+00,6.746666666666666856e+01,-5.480148999999999698e-04,0.000000000000000000e+00,5.000000000000000278e-02,1.430000000000000000e+02,4.000000000000000000e+00
7.200000000000000000e+01,0.000000000000000000e+00,0.000000000000000000e+00,6.778947368421052033e+01,-5.500554999999999854e-04,0.000000000000000000e+00,0.000000000000000000e+00,1.430000000000000000e+02,4.000000000000000000e+00
7.200000000000000000e+01,0.000000000000000000e+00,0.000000000000000000e+00,6.811228070175438631e+01,-5.484478999999999570e-04,0.000000000000000000e+00,0.000000000000000000e+00,1.430000000000000000e+02,4.000000000000000000e+00
7.200000000000000000e+01,0.000000000000000000e+00,0.000000000000000000e+00,6.843508771929825230e+01,-5.432008000000000322e-04,0.000000000000000000e+00,5.000000000000000278e-02,1.430000000000000000e+02,4.000000000000000000e+00
7.200000000000000000e+01,0.000000000000000000e+00,0.000000000000000000e+00,6.875789473684210407e+01,-5.378848999999999566e-04,0.000000000000000000e+00,1.000000000000000056e-01,1.430000000000000000e+02,4.000000000000000000e+00
7.200000000000000000e+01,0.000000000000000000e+00,0.000000000000000000e+00,6.908070175438597005e+01,-5.320067000000000372e-04,0.000000000000000000e+00,1.499999999999999944e-01,1.430000000000000000e+02,4.000000000000000000e+00
7.200000000000000000e+01,0.000000000000000000e+00,0.000000000000000000e+00,6.940350877192982182e+01,-5.252244999999999787e-04,0.000000000000000000e+00,2.000000000000000111e-01,1.430000000000000000e+02,4.000000000000000000e+00
7.200000000000000000e+01,0.000000000000000000e+00,0.000000000000000000e+00,6.972631578947368780e+01,-5.169222000000000226e-04,0.000000000000000000e+00,2.500000000000000000e-01,1.430000000000000000e+02,4.000000000000000000e+00
7.200000000000000000e+01,0.000000000000000000e+00,0.000000000000000000e+00,7.004912280701753957e+01,-5.072796000000000076e-04,0.000000000000000000e+00,2.999999999999999889e-01,1.430000000000000000e+02,4.000000000000000000e+00
7.200000000000000000e+01,0.000000000000000000e+00,0.000000000000000000e+00,7.037192982456140555e+01,-4.954163000000000360e-04,0.000000000000000000e+00,3.499999999999999778e-01,1.430000000000000000e+02,4.000000000000000000e+00
7.200000000000000000e+01,0.000000000000000000e+00,0.000000000000000000e+00,7.069473684210525732e+01,-4.815428999999999868e-04,0.000000000000000000e+00,4.000000000000000222e-01,1.430000000000000000e+02,4.000000000000000000e+00
7.200000000000000000e+01,0.000000000000000000e+00,0.000000000000000000e+00,7.101754385964912331e+01,-4.620506000000000244e-04,0.000000000000000000e+00,4.500000000000000111e-01,1.430000000000000000e+02,4.000000000000000000e+00
7.200000000000000000e+01,0.000000000000000000e+00,0.000000000000000000e+00,7.134035087719298929e+01,-4.349032999999999870e-04,0.000000000000000000e+00,5.000000000000000000e-01,1.430000000000000000e+02,4.000000000000000000e+00
7.200000000000000000e+01,0.000000000000000000e+00,0.000000000000000000e+00,7.166315789473684106e+01,-3.634802000000000237e-04,0.000000000000000000e+00,5.500000000000000444e-01,1.430000000000000000e+02,4.000000000000000000e+00
7.200000000000000000e+01,0.000000000000000000e+00,0.000000000000000000e+00,7.198596491228070704e+01,-3.212787999999999842e-04,0.000000000000000000e+00,5.999999999999999778e-01,1.430000000000000000e+02,4.000000000000000000e+00
7.200000000000000000e+01,0.000000000000000000e+00,0.000000000000000000e+00,7.230877192982455881e+01,-2.604037999999999817e-04,0.000000000000000000e+00,6.500000000000000222e-01,1.430000000000000000e+02,4.000000000000000000e+00
7.200000000000000000e+01,0.000000000000000000e+00,0.000000000000000000e+00,7.263157894736842479e+01,-1.802142000000000067e-04,0.000000000000000000e+00,6.999999999999999556e-01,1.430000000000000000e+02,4.000000000000000000e+00
7.200000000000000000e+01,0.000000000000000000e+00,0.000000000000000000e+00,7.295438596491227656e+01,-7.469974999999999575e-05,0.000000000000000000e+00,7.500000000000000000e-01,1.430000000000000000e+02,4.000000000000000000e+00
7.200000000000000000e+01,0.000000000000000000e+00,0.000000000000000000e+00,7.327719298245614254e+01,1.402878000000000089e-04,0.000000000000000000e+00,8.000000000000000444e-01,1.430000000000000000e+02,4.000000000000000000e+00
7.200000000000000000e+01,0.000000000000000000e+00,0.000000000000000000e+00,7.359999999999999432e+01,4.792471999999999878e-04,0.000000000000000000e+00,8.499999999999999778e-01,1.430000000000000000e+02,4.000000000000000000e+00
7.200000000000000000e+01,0.000000000000000000e+00,0.000000000000000000e+00,7.392280701754386030e+01,1.233664999999999892e-03,0.000000000000000000e+00,9.000000000000000222e-01,1.430000000000000000e+02,4.000000000000000000e+00
7.200000000000000000e+01,0.000000000000000000e+00,0.000000000000000000e+00,7.424561403508772628e+01,1.829499000000000056e-03,0.000000000000000000e+00,9.499999999999999556e-01,1.430000000000000000e+02,4.000000000000000000e+00
7.200000000000000000e+01,0.000000000000000000e+00,0.000000000000000000e+00,7.456842105263157805e+01,2.538256999999999926e-03,0.000000000000000000e+00,1.000000000000000000e+00,1.430000000000000000e+02,4.000000000000000000e+00
7.200000000000000000e+01,0.000000000000000000e+00,0.000000000000000000e+00,7.489122807017544403e+01,3.271576999999999905e-03,0.000000000000000000e+00,1.050000000000000044e+00,1.430000000000000000e+02,4.000000000000000000e+00
7.200000000000000000e+01,0.000000000000000000e+00,0.000000000000000000e+00,7.521403508771929580e+01,4.058115000000000160e-03,0.000000000000000000e+00,1.100000000000000089e+00,1.430000000000000000e+02,4.000000000000000000e+00
7.200000000000000000e+01,0.000000000000000000e+00,0.000000000000000000e+00,7.553684210526316178e+01,4.919009999999999702e-03,0.000000000000000000e+00,1.149999999999999911e+00,1.430000000000000000e+02,4.000000000000000000e+00
7.200000000000000000e+01,0.000000000000000000e+00,0.000000000000000000e+00,7.585964912280701355e+01,5.850895000000000054e-03,0.000000000000000000e+00,1.199999999999999956e+00,1.430000000000000000e+02,4.000000000000000000e+00
7.200000000000000000e+01,0.000000000000000000e+00,0.000000000000000000e+00,7.618245614035087954e+01,5.321107000000000267e-03,0.000000000000000000e+00,1.199999999999999956e+00,1.430000000000000000e+02,5.000000000000000000e+00
7.200000000000000000e+01,0.000000000000000000e+00,0.000000000000000000e+00,7.650526315789473131e+01,4.643485999999999621e-03,0.000000000000000000e+00,1.149999999999999911e+00,1.430000000000000000e+02,5.000000000000000000e+00
7.200000000000000000e+01,0.000000000000000000e+00,0.000000000000000000e+00,7.682807017543859729e+01,3.915367999999999800e-03,0.000000000000000000e+00,1.100000000000000089e+00,1.430000000000000000e+02,5.000000000000000000e+00
7.200000000000000000e+01,0.000000000000000000e+00,0.000000000000000000e+00,7.715087719298246327e+01,3.332990999999999992e-03,0.000000000000000000e+00,1.050000000000000044e+00,1.430000000000000000e+02,5.000000000000000000e+00
7.200000000000000000e+01,0.000000000000000000e+00,0.000000000000000000e+00,7.747368421052631504e+01,2.810575000000000052e-03,0.000000000000000000e+00,1.000000000000000000e+00,1.430000000000000000e+02,5.000000000000000000e+00
7.200000000000000000e+01,0.000000000000000000e+00,0.000000000000000000e+00,7.779649122807018102e+01,2.367268999999999970e-03,0.000000000000000000e+00,9.499999999999999556e-01,1.430000000000000000e+02,5.000000000000000000e+00
7.200000000000000000e+01,0.000000000000000000e+00,0.000000000000000000e+00,7.811929824561403279e+01,1.971704999999999812e-03,0.000000000000000000e+00,9.000000000000000222e-01,1.430000000000000000e+02,5.000000000000000000e+00
7.200000000000000000e+01,0.000000000000000000e+00,0.000000000000000000e+00,7.844210526315789878e+01,1.630727999999999909e-03,0.000000000000000000e+00,8.499999999999999778e-01,1.430000000000000000e+02,5.000000000000000000e+00
7.200000000000000000e+01,0.000000000000000000e+00,0.000000000000000000e+00,7.876491228070175055e+01,1.301260999999999954e-03,0.000000000000000000e+00,8.000000000000000444e-01,1.430000000000000000e+02,5.000000000000000000e+00
7.200000000000000000e+01,0.000000000000000000e+00,0.000000000000000000e+00,7.908771929824561653e+01,1.016112999999999912e-03,0.000000000000000000e+00,7.500000000000000000e-01,1.430000000000000000e+02,5.000000000000000000e+00
7.200000000000000000e+01,0.000000000000000000e+00,0.000000000000000000e+00,7.941052631578946830e+01,7.640613000000000092e-04,0.000000000000000000e+00,6.999999999999999556e-01,1.430000000000000000e+02,5.000000000000000000e+00
7.200000000000000000e+01,0.000000000000000000e+00,0.000000000000000000e+00,7.973333333333333428e+01,5.569877999999999461e-04,0.000000000000000000e+00,6.500000000000000222e-01,1.430000000000000000e+02,5.000000000000000000e+00
7.200000000000000000e+01,0.000000000000000000e+00,0.000000000000000000e+00,8.005614035087720026e+01,3.924972000000000205e-04,0.000000000000000000e+00,5.999999999999999778e-01,1.430000000000000000e+02,5.000000000000000000e+00
7.200000000000000000e+01,0.000000000000000000e+00,0.000000000000000000e+00,8.037894736842105203e+01,2.581616000000000119e-04,0.000000000000000000e+00,5.500000000000000444e-01,1.430000000000000000e+02,5.000000000000000000e+00
7.200000000000000000e+01,0.000000000000000000e+00,0.000000000000000000e+00,8.070175438596491801e+01,1.738822000000000002e-04,0.000000000000000000e+00,5.000000000000000000e-01,1.430000000000000000e+02,5.000000000000000000e+00
7.200000000000000000e+01,0.000000000000000000e+00,0.000000000000000000e+00,8.102456140350876979e+01,1.143506000000000025e-04,0.000000000000000000e+00,4.500000000000000111e-01,1.430000000000000000e+02,5.000000000000000000e+00
7.200000000000000000e+01,0.000000000000000000e+00,0.000000000000000000e+00,8.134736842105263577e+01,7.624035999999999997e-05,0.000000000000000000e+00,4.000000000000000222e-01,1.430000000000000000e+02,5.000000000000000000e+00
7.200000000000000000e+01,0.000000000000000000e+00,0.000000000000000000e+00,8.167017543859648754e+01,5.199061999999999792e-05,0.000000000000000000e+00,3.499999999999999778e-01,1.430000000000000000e+02,5.000000000000000000e+00
7.200000000000000000e+01,0.000000000000000000e+00,0.000000000000000000e+00,8.199298245614035352e+01,3.541121999999999873e-05,0.000000000000000000e+00,2.999999999999999889e-01,1.430000000000000000e+02,5.000000000000000000e+00
7.200000000000000000e+01,0.000000000000000000e+00,0.000000000000000000e+00,8.231578947368420529e+01,2.377533999999999859e-05,0.000000000000000000e+00,2.500000000000000000e-01,1.430000000000000000e+02,5.000000000000000000e+00
7.200000000000000000e+01,0.000000000000000000e+00,0.000000000000000000e+00,8.263859649122807127e+01,1.541234000000000091e-05,0.000000000000000000e+00,2.000000000000000111e-01,1.430000000000000000e+02,5.000000000000000000e+00
7.200000000000000000e+01,0.000000000000000000e+00,0.000000000000000000e+00,8.296140350877193725e+01,9.425167000000000557e-06,0.000000000000000000e+00,1.499999999999999944e-01,1.430000000000000000e+02,5.000000000000000000e+00
7.200000000000000000e+01,0.000000000000000000e+00,0.000000000000000000e+00,8.328421052631578902e+01,5.142044999999999826e-06,0.000000000000000000e+00,1.000000000000000056e-01,1.430000000000000000e+02,5.000000000000000000e+00
7.200000000000000000e+01,0.000000000000000000e+00,0.000000000000000000e+00,8.360701754385965501e+01,2.037154000000000164e-06,0.000000000000000000e+00,5.000000000000000278e-02,1.430000000000000000e+02,5.000000000000000000e+00
7.200000000000000000e+01,0.000000000000000000e+00,0.000000000000000000e+00,8.392982456140350678e+01,-4.012414000000000078e-07,0.000000000000000000e+00,0.000000000000000000e+00,1.430000000000000000e+02,5.000000000000000000e+00
7.200000000000000000e+01,0.000000000000000000e+00,0.000000000000000000e+00,8.425263157894737276e+01,-3.390625999999999752e-07,0.000000000000000000e+00,0.000000000000000000e+00,1.430000000000000000e+02,5.000000000000000000e+00
7.200000000000000000e+01,0.000000000000000000e+00,0.000000000000000000e+00,8.457543859649122453e+01,2.004619999999999960e-06,0.000000000000000000e+00,5.000000000000000278e-02,1.430000000000000000e+02,5.000000000000000000e+00
7.200000000000000000e+01,0.000000000000000000e+00,0.000000000000000000e+00,8.489824561403509051e+01,4.726362000000000404e-06,0.000000000000000000e+00,1.000000000000000056e-01,1.430000000000000000e+02,5.000000000000000000e+00
7.200000000000000000e+01,0.000000000000000000e+00,0.000000000000000000e+00,8.522105263157894228e+01,8.176634999999999684e-06,0.000000000000000000e+00,1.499999999999999944e-01,1.430000000000000000e+02,5.000000000000000000e+00
7.200000000000000000e+01,0.000000000000000000e+00,0.000000000000000000e+00,8.554385964912280826e+01,1.257718999999999977e-05,0.000000000000000000e+00,2.000000000000000111e-01,1.430000000000000000e+02,5.000000000000000000e+00
7.200000000000000000e+01,0.000000000000000000e+00,0.000000000000000000e+00,8.586666666666667425e+01,1.822513000000000147e-05,0.000000000000000000e+00,2.500000000000000000e-01,1.430000000000000000e+02,5.000000000000000000e+00
7.200000000000000000e+01,0.000000000000000000e+00,0.000000000000000000e+00,8.618947368421052602e+01,2.547974999999999944e-05,0.000000000000000000e+00,2.999999999999999889e-01,1.430000000000000000e+02,5.000000000000000000e+00
7.200000000000000000e+01,0.000000000000000000e+00,0.000000000000000000e+00,8.651228070175439200e+01,3.514046999999999798e-05,0.000000000000000000e+00,3.499999999999999778e-01,1.430000000000000000e+02,5.000000000000000000e+00
7.200000000000000000e+01,0.000000000000000000e+00,0.000000000000000000e+00,8.683508771929824377e+01,4.739608999999999771e-05,0.000000000000000000e+00,4.000000000000000222e-01,1.430000000000000000e+02,5.000000000000000000e+00
7.200000000000000000e+01,0.000000000000000000e+00,0.000000000000000000e+00,8.715789473684210975e+01,6.696152999999999448e-05,0.000000000000000000e+00,4.500000000000000111e-01,1.430000000000000000e+02,5.000000000000000000e+00
7.200000000000000000e+01,0.000000000000000000e+00,0.000000000000000000e+00,8.748070175438596152e+01,8.916144999999999995e-05,0.000000000000000000e+00,5.000000000000000000e-01,1.430000000000000000e+02,5.000000000000000000e+00
7.200000000000000000e+01,0.000000000000000000e+00,0.000000000000000000e+00,8.780350877192982750e+01,1.212414000000000010e-04,0.000000000000000000e+00,5.500000000000000444e-01,1.430000000000000000e+02,5.000000000000000000e+00
7.200000000000000000e+01,0.000000000000000000e+00,0.000000000000000000e+00,8.812631578947367927e+01,1.668849999999999988e-04,0.000000000000000000e+00,5.999999999999999778e-01,1.430000000000000000e+02,5.000000000000000000e+00
7.200000000000000000e+01,0.000000000000000000e+00,0.000000000000000000e+00,8.844912280701754526e+01,2.364032999999999868e-04,0.000000000000000000e+00,6.500000000000000222e-01,1.430000000000000000e+02,5.000000000000000000e+00
7.200000000000000000e+01,0.000000000000000000e+00,0.000000000000000000e+00,8.877192982456141124e+01,3.356103000000000146e-04,0.000000000000000000e+00,6.999999999999999556e-01,1.430000000000000000e+02,5.000000000000000000e+00
7.200000000000000000e+01,0.000000000000000000e+00,0.000000000000000000e+00,8.909473684210526301e+01,4.798582999999999928e-04,0.000000000000000000e+00,7.500000000000000000e-01,1.430000000000000000e+02,5.000000000000000000e+00
7.200000000000000000e+01,0.000000000000000000e+00,0.000000000000000000e+00,8.941754385964912899e+01,6.824107999999999953e-04,0.000000000000000000e+00,8.000000000000000444e-01,1.430000000000000000e+02,5.000000000000000000e+00
7.200000000000000000e+01,0.000000000000000000e+00,0.000000000000000000e+00,8.974035087719298076e+01,9.351745999999999757e-04,0.000000000000000000e+00,8.499999999999999778e-01,1.430000000000000000e+02,5.000000000000000000e+00
7.200000000000000000e+01,0.000000000000000000e+00,0.000000000000000000e+00,9.006315789473684674e+01,1.247400000000000071e-03,0.000000000000000000e+00,9.000000000000000222e-01,1.430000000000000000e+02,5.000000000000000000e+00
7.200000000000000000e+01,0.000000000000000000e+00,0.000000000000000000e+00,9.038596491228069851e+01,1.573774000000000006e-03,0.000000000000000000e+00,9.499999999999999556e-01,1.430000000000000000e+02,5.000000000000000000e+00
7.200000000000000000e+01,0.000000000000000000e+00,0.000000000000000000e+00,9.070877192982456449e+01,1.956397999999999818e-03,0.000000000000000000e+00,1.000000000000000000e+00,1.430000000000000000e+02,5.000000000000000000e+00
7.200000000000000000e+01,0.000000000000000000e+00,0.000000000000000000e+00,9.103157894736841627e+01,2.402665999999999916e-03,0.000000000000000000e+00,1.050000000000000044e+00,1.430000000000000000e+02,5.000000000000000000e+00
7.200000000000000000e+01,0.000000000000000000e+00,0.000000000000000000e+00,9.135438596491228225e+01,2.907719999999999923e-03,0.000000000000000000e+00,1.100000000000000089e+00,1.430000000000000000e+02,5.000000000000000000e+00
7.200000000000000000e+01,0.000000000000000000e+00,0.000000000000000000e+00,9.167719298245614823e+01,3.474921000000000173e-03,0.000000000000000000e+00,1.149999999999999911e+00,1.430000000000000000e+02,5.000000000000000000e+00
7.200000000000000000e+01,0.000000000000000000e+00,0.000000000000000000e+00,9.200000000000000000e+01,4.133595000000000325e-03,0.000000000000000000e+00,1.199999999999999956e+00,1.430000000000000000e+02,5.000000000000000000e+00
