,ClassID,ExptID,BatchID,Drive,JV_ok,PL_ok,DF_ok,Temp (deg C),RH (%),Oxygen (%),Illum (Nsuns),MA fraction,PLQY_0,xy1t0_0,xy0t1_0,xy0t1Norm_0,xy1t1_0,t0xy1_0,t1xy0_0,xy2t0,xy3t0,xy2t1,xy3t1,frac_bright_0,pred_horiz,QFLS_0,beta_mean,beta_std,cv_slopes,dDFmeandt,dDFmediandt,dDFstddt,dDFskewdt,dDFkurtdt,d2DFmeandt2,d2DFmediandt2,d2DFstddt2,d2DFskewdt2,d2DFkurtdt2,DFmean_0,DFmedian_0,DFstd_0,DFskew_0,DFkurtdt_0,Jmpp_0,Vmpp_0,Pmpp_0,Jsc_0,Voc_0,dJmppdt,dVmppdt,dPmppdt,dJscdt,dVocdt,ddJmppdt2,ddVmppdt2,ddPmppdt2,ddJscdt2,ddVocdt2,Jschyst_0,Vochyst_0,FFhyst_0,dJsc_fwddt,dVoc_fwddt,dFF_fwddt,dJsc_revdt,dVoc_revdt,dFF_revdt,ddJsc_fwddt2,ddVoc_fwddt2,ddFF_fwddt2,ddJsc_revdt2,ddVoc_revdt2,ddFF_revdt2,dPLdt,ddPLdt2,t_Jsc75,t_Voc75,t_PCE75,t_Jsc75_max,t_Voc75_max,t_PCE75_max,dxy1t0dt,dxy0t1dt,dxy0t1Normdt,dxy1t1dt,dt0xy1dt,dt1xy0dt,dfrac_brightdt,dxy2t0dt,dxy3t0dt,dxy2t1dt,dxy3t1dt,dbeta_meandt,dbeta_stddt,dcv_slopesdt,ddxy1t0,ddxy0t1,ddxy0t1Norm,ddxy1t1,ddt0xy1,ddt1xy0,ddfrac_bright,ddxy2t0,ddxy3t0,ddxy2t1,ddxy3t1,ddbeta_mean,ddbeta_std,ddcv_slopes,t_Vocmax,t_FF90,t_Jsc90,DFCV_0,dDFCVdt,d2DFCVdt2
0,210412_MAPI_Devices,JV_PL_DF_MAPI_1sun_35C_40RH_air,YM7-2,EP3,TRUE,TRUE,TRUE,35,40,21,1,1,0.001268693,8.16E+17,4.96E+16,0.026350003,9.64916E+15,6.32E+17,2.84E+17,14.38155003,517.5240768,1.970760313,21.89309768,0.657857755,90,1.161409902,1.88084E+14,6.10676E+14,0.397877126,-9.024182625,-3.866666667,-10.80556405,-5.72E-05,-0.000512912,1.180974723,0.944444444,1.06815767,-1.17E-05,-0.000293328,57319.97189,47690,43012.25842,6.967925377,59.1455964,0.019884485,0.73,0.014515674,0.02249502,0.96807453,-9.48E-06,0.000333333,-5.07E-07,-1.37E-05,0.000134244,1.64E-08,-1.28E-05,-2.44E-07,2.67E-07,-1.89E-06,7.83E-06,0.011767984,0.005168862,-1.16E-05,8.33E-05,7.98E-05,-1.15E-05,3.25E-06,-0.000185307,2.65E-07,-1.26E-06,5.69E-06,2.67E-07,1.14E-07,8.17E-06,-0.000952714,7.84E-05,3405,,3270,3405,,3210,0.003069918,-0.005388844,-0.004039971,0.001105978,0.005646277,-0.002557525,0.001789809,-0.006625392,-0.008067608,0.006464842,1.14472E+14,8.98E-05,0.003553491,0.001465299,3.40E-05,0.000194555,0.00011361,-5.84E-05,-2.08E-05,0.000149078,-8.07E-05,9.79E-05,5.81E-05,-0.000955767,-0.001409033,5.19E-05,-0.000354862,-9.09E-05,1995,3615,270,0.750388686,-7.13E-05,3.24E-06
1,210412_MAPI_Devices,JV_PL_DF_MAPI_1sun_35C_50RH_air,YM7-12,EP3,TRUE,TRUE,TRUE,35,50,21,1,1,0.001448676,7.13E+17,5.39E+16,0.024486915,1.20E+16,6.65E+17,1.84E+17,3.650694783,38.51428941,7.307016458,286.9664744,0.17707752,90,1.164839473,-6.04189E+14,9.05829E+14,0.578565195,-10.76568197,-9.466666667,-8.705649567,0.000354468,0.012558017,1.143383311,0.962222222,0.871786129,-2.50E-05,-0.000924808,60516.33847,52370,36115.63837,6.84645685,57.56214514,0.019907977,0.76,0.015130062,0.022648473,0.9789394,-8.93E-06,0.000183333,-3.25E-06,-1.94E-05,0.000113944,-1.28E-07,-5.00E-06,-2.00E-07,1.51E-07,4.84E-06,7.33E-07,0.005635189,0.0206182,-1.57E-05,2.33E-05,-0.000336616,-1.55E-05,0.000265229,-0.000252349,1.00E-07,7.21E-07,1.92E-05,1.07E-07,-9.70E-06,1.17E-05,-0.001595368,0.000276763,4080,,2085,4080,,1950,0.003962407,-0.003636595,-0.00094725,-0.000523241,0.004442881,0.000285006,0.00742777,-0.011758382,-0.012936935,-0.013518428,9.8421E+12,-0.018773853,-0.003553665,-0.000789601,0.000113515,0.000309369,-1.30E-05,0.000304866,9.59E-05,0.000157874,-0.000601752,0.001037844,0.001127711,0.001152844,0.001116101,0.001413435,0.000424832,0.000113659,1515,1710,180,0.596791532,-3.82E-05,3.18E-06
2,210412_MAPI_Devices,JV_PL_DF_MAPI_1sun_45C_40RH_air,YM7-10,EP3,FALSE,FALSE,FALSE,45,40,21,1,1,0.001071402,4.15E+17,4.57E+16,0.02826219,7.1906E+15,3.91E+17,1.35E+17,0.091099411,1.293997128,0.338820336,3.245998193,0.546562962,90,1.157040433,3.18609E+13,5.23779E+14,0.460950233,-40.45569064,-35.53333333,-15.31135908,8.66E-05,0.003658908,0.753228152,0.573333333,1.144343455,2.59E-06,-7.00E-05,67710.4888,58170,40078.55814,6.582517518,53.23877371,0.019204098,0.75,0.014403074,0.02123712,0.95940052,-1.66E-05,0.000366667,-5.78E-06,-1.83E-05,0.000181047,4.70E-10,-2.78E-06,-6.05E-08,2.69E-07,-4.62E-06,1.60E-06,0.021451423,0.022698198,-1.67E-05,0.000103837,-0.000139808,-1.66E-05,-2.48E-06,-0.000188744,2.48E-07,-2.83E-06,1.39E-05,2.55E-07,-7.21E-07,7.16E-06,-0.001755157,0.00010785,3540,,3360,3435,,3285,0.007280682,-0.003785071,-0.001296587,0.003192443,0.008131174,-0.002423482,0.002292322,-0.05474385,-0.025992953,-0.017818214,9.31228E+14,0.079230688,-0.00056779,0.000695431,-0.000347069,0.000392099,0.000279657,0.000110216,-0.000393071,0.000148891,-0.000183324,0.005342793,0.002290226,0.00180994,0.001661383,-0.005677992,0.000233598,-3.83E-05,1275,1860,180,0.591910631,0.000132401,1.07E-05
3,210412_MAPI_Devices,JV_PL_DF_MAPI_1sun_45C_60RH_air,YM7-6,EP3,TRUE,TRUE,TRUE,45,60,21,1,1,0.000879826,4.21E+17,4.14E+16,0.03187487,7.87524E+15,4.12E+17,8.65E+16,-0.102966653,-0.078829707,0.141230077,-0.059029258,0.482552083,90,1.151947616,-6.9453E+13,5.33384E+14,0.484795107,29.57729956,-5.6,18.11936292,-0.012740494,-0.173615231,-0.708555108,-1.017777778,1.650846076,-0.000236782,-0.003511397,63677.92087,56040,32697.76621,6.763207673,57.44616006,0.019065543,0.78,0.014871124,0.021499482,0.98094642,-1.63E-05,0.000366667,-6.08E-06,-2.18E-05,0.000112749,-3.04E-08,-2.78E-06,-8.47E-08,2.40E-07,6.05E-07,5.68E-06,0.002171785,0.010513326,-1.99E-05,1.75E-05,-8.59E-05,-1.97E-05,3.23E-05,-0.000494724,1.79E-07,3.87E-09,1.49E-05,1.75E-07,-4.15E-07,1.48E-05,0.000251834,4.25E-05,2475,,1815,2475,,1815,0.006603813,-0.007317244,-0.006959705,-0.004225274,0.006821296,-0.00133633,0.000937658,0.010966654,0.093991778,0.011134211,-4.71E+16,-0.001775127,-0.004395099,0.000108158,-0.000267462,0.000407678,0.000336511,0.000230304,-0.000276662,7.09E-05,-0.000373157,-0.003093576,-0.020841918,0.002352453,-0.020725267,0.004305868,0.000409161,2.65E-06,1080,1725,225,0.513486712,4.64E-05,3.11E-05
4,210412_MAPI_Devices,JV_PL_DF_MAPI_1sun_45C_50RH_air,YM7-4,EP3,TRUE,TRUE,TRUE,45,50,21,1,1,0.000980567,2.25E+17,4.49E+16,0.029426042,8.17048E+15,1.95E+17,9.77E+16,8.785186781,430.7874888,7.759409528,136.6759426,0.718360521,90,1.154750139,3.51567E+14,7.78952E+14,0.605462182,-16.68220957,-8.533333333,-12.98262988,-0.000625182,-0.008258809,1.937083461,1.635555556,1.267441182,2.67E-06,0.000206778,65531.3429,56230,37641.71818,6.304030035,49.46374951,0.020518815,0.75,0.015389111,0.023101143,0.985817,-2.28E-05,0.0007,-3.74E-06,-2.72E-05,7.49E-05,3.74E-07,-1.28E-05,1.31E-08,5.57E-07,4.63E-06,7.23E-06,0.009609105,0.022588634,-2.58E-05,0.000114461,-0.000364084,-2.56E-05,7.96E-06,-0.000788096,5.05E-07,4.37E-07,1.48E-05,5.08E-07,7.55E-07,1.47E-05,0.000598812,0.00012294,2550,,2205,2550,,2205,0.01999143,-0.004756033,-0.004597487,-0.003105748,0.024623286,-3.35E-05,-0.002778,-0.01381986,-0.013482496,-0.013008744,3.29244E+13,-0.01659127,-0.006633338,-0.001686606,-0.000569976,0.000338017,0.000219518,0.000426026,-0.000767696,0.000178083,-0.000113185,0.001008097,0.001063317,0.001110879,0.001234989,3.10E-05,0.000545766,0.000120397,930,2205,120,0.574407856,-5.29E-05,2.44E-06
5,210412_MAPI_Devices,JV_PL_DF_MAPI_1sun_25C_40RH_air_bad_DF,YM7-11,EP3,TRUE,TRUE,FALSE,25,40,21,1,1,0.002145619,1.54E+18,9.20E+16,0.028312687,4.93E+16,1.48E+18,1.53E+17,5.856923457,71.44780431,2.105050891,9.479718616,0.743669577,90,1.174993537,2.84608E+15,4.8501E+15,0.741144507,-3.068803615,-3.133333333,-0.589619475,0.006423891,0.1984282,0.146011183,0.153333333,0.017699914,-0.00060554,-0.017768041,18518.52694,18300,800.3613857,2.127941939,29.30441949,0.018300558,0.7,0.012810391,0.022965903,0.99381459,8.17E-06,0.000116667,7.97E-06,-1.51E-05,-2.85E-05,-8.95E-07,2.11E-05,-2.17E-07,5.21E-07,-2.82E-06,1.02E-05,0.02013614,0.02135743,-1.46E-05,4.70E-05,-0.000870387,-1.47E-05,6.52E-06,-0.000796161,6.80E-07,1.03E-06,1.63E-05,6.78E-07,-1.13E-06,2.50E-05,-0.001718067,0.000200854,1380,,2550,1380,,2325,-0.002549887,-0.006693159,-0.005998583,-0.006289188,-0.002586972,-0.003749881,0.001375306,-0.00036088,0.003824326,0.006357174,-4.12895E+14,-0.010192377,-0.006063698,0.002207128,0.000444214,0.000293345,0.000146235,0.000232336,0.000432247,0.000367675,-2.05E-05,0.000521327,0.000712402,-0.001146977,-0.004941247,0.000357076,0.000261728,-0.000176606,2280,,240,0.043219495,-2.50E-05,6.18E-07
6,210412_MAPI_Devices,JV_PL_DF_MAPI_1sun_45C_40RH_air_2,YM7-3,EP3,TRUE,TRUE,TRUE,45,40,21,1,1,0.000889556,4.81E+17,4.39E+16,0.033432242,1.69E+16,4.73E+17,8.25E+16,-0.28069432,-0.089622928,3.714655068,19.99876496,0.70847886,90,1.152231956,4.53414E+14,1.44317E+15,0.570208982,1.773389629,-1.266666667,-2.162577783,-0.001524917,-0.02653367,1.344118553,1.215555556,0.310338701,-3.41E-05,-0.000602823,64183.51166,55730,36628.57532,6.435924546,49.8113956,0.020723397,0.76,0.015749781,0.02331406,0.98027311,-1.32E-05,0.000366667,-2.77E-06,-1.46E-05,6.82E-05,1.46E-07,-2.78E-06,4.87E-08,1.37E-07,4.52E-07,6.50E-06,0.017592763,0.01308083,-1.44E-05,0.000108704,-0.000395995,-1.44E-05,8.02E-06,-0.000385125,1.63E-07,-9.88E-07,-2.16E-06,1.60E-07,3.02E-07,1.20E-06,0.001721286,6.03E-05,2865,,2400,2865,,2400,0.008337515,-0.005218581,-0.005386903,-0.005800143,0.008458695,0.00143315,-0.002126877,-0.011920791,-0.360474462,-0.005780767,2.00494E+14,-0.011089403,-0.006772811,-0.000790411,-0.000140711,0.00021355,0.000130914,7.83E-06,-0.000149716,8.75E-05,-0.000164978,-0.000914078,-0.029711488,-0.000367312,-0.000791046,-0.00028914,7.86E-05,1.21E-05,1140,2310,345,0.570685124,-5.00E-05,-7.21E-06
7,210412_MAPI_Devices,JV_PL_DF_MAPI_1sun_25C_30RH_air,YM7-5,EP3,TRUE,TRUE,TRUE,25,30,21,1,1,0.00172283,1.08E+18,5.89E+16,0.023054393,1.78E+16,1.05E+18,1.79E+17,1.63367344,6.133095142,3.184489483,15.68201537,0.291927083,90,1.169320082,-5.21812E+14,1.36119E+15,0.577797544,-23.53983094,-19,-19.46249473,-0.000132327,0.002851824,1.661330164,1.371111111,1.217183278,-3.29E-05,-0.001060892,62115.09654,54590,34094.15738,7.430072084,69.801197,0.020666628,0.7,0.01446664,0.022971172,1.0046115,-2.15E-05,0.000933333,2.85E-06,-1.56E-05,6.64E-06,5.69E-07,-4.11E-05,-4.34E-07,4.55E-07,-6.47E-06,1.39E-05,0.040397889,0.024330925,-1.36E-05,0.000105832,0.00017013,-1.36E-05,-1.15E-05,-0.000281936,4.12E-07,-9.53E-06,1.33E-05,4.12E-07,-8.48E-07,2.10E-05,-0.004413496,0.000256447,5640,,5685,5640,,4410,-0.003463518,-0.008002134,-0.005402296,-0.005691797,-0.00340888,-0.004734221,0.001917741,0.013412848,0.015574362,0.00254998,-2.3754E+14,-0.008074411,-0.005437692,0.001926984,0.000698193,0.000328968,0.000149585,0.000274061,0.000710243,0.000350605,-0.000166764,-0.00185955,-0.004316793,-0.000697927,-0.001126476,0.000568342,9.52E-05,-0.000379417,3300,,300,0.548886813,-0.000108356,5.03E-06
8,210412_MAPI_Devices,JV_PL_DF_MAPI_1sun_25C_70RH_air,YM12-2,EP3,TRUE,TRUE,TRUE,25,70,21,1,1,0.002817976,3.42E+18,1.17E+17,0.028363929,5.61E+16,3.40E+18,3.31E+17,5.488236009,43.93940868,0.404906363,1.427029388,0.829726801,90,1.182040527,4.81058E+15,5.09199E+15,0.26286115,56.24327363,36.33333333,27.46705116,-0.005019115,-0.015659886,-1.540771021,-1.12,4.040479341,0.000600679,0.011905046,67411.76996,58290,40859.05304,6.904101364,59.07382269,0.01909083,0.76,0.014509031,0.0216974,0.97230132,-1.55E-05,0.000516667,-2.42E-06,-2.02E-05,0.000292455,2.18E-08,-7.78E-06,-1.35E-07,5.73E-07,-8.64E-06,4.00E-07,0.015895093,0.023219384,-2.16E-05,0.000210223,-0.000262485,-2.17E-05,0.000521618,0.000252429,5.39E-07,4.16E-06,5.06E-06,5.43E-07,4.08E-05,2.45E-05,0.000394938,3.38E-05,900,,1020,900,,1020,0.006478575,-0.003074365,-0.006123117,0.053368646,0.006502427,0.000229219,-0.008761473,-0.003396858,-0.008480526,0.211376633,1.55E+16,-0.007639847,0.039323883,0.00822752,8.79E-05,0.000471648,0.000348268,0.00047801,8.80E-05,0.000159913,0.000344474,0.000300549,0.000393036,-0.013843447,-0.025594855,0.00102654,0.00054668,-0.000263652,1020,1125,210,0.60611156,-9.02E-05,7.13E-05
9,210412_MAPI_Devices,JV_PL_DF_MAPI_1sun_45C_70RH_air,YM12-8,EP3,TRUE,TRUE,TRUE,45,70,21,1,1,0.001172826,7.74E+17,6.80E+16,0.038433713,3.01E+16,7.63E+17,1.34E+17,-0.392527897,-1.388009263,0.330363182,-0.342942929,0.74983724,90,1.15937868,2.71972E+15,2.49116E+15,0.840891856,-8.779316639,-6.8,-8.839120568,-0.000319892,-0.002394533,-0.261803398,-0.368888889,0.663005529,2.92E-06,1.64E-05,70615.86466,60740,42386.58245,6.208920418,46.60313968,0.018370117,0.72,0.013226484,0.021304455,0.94757511,8.32E-06,0.000783333,2.08E-05,-6.10E-06,0.000299912,-3.87E-07,-1.78E-05,-6.11E-07,1.42E-07,-1.37E-05,1.65E-06,0.028753423,0.024713366,-5.25E-06,0.00012746,-0.000795332,-5.25E-06,9.47E-06,-0.000763106,1.30E-07,7.25E-07,2.98E-05,1.28E-07,1.13E-06,3.04E-05,0.001478484,4.51E-05,1725,,1635,1725,,1455,0.005393288,-0.003091081,-0.004103201,0.00227083,0.005396134,0.003657251,-0.008813825,-0.004855108,0.002303527,0.02650752,-1.22E+16,-0.02498732,0.001338344,0.000253619,-3.73E-05,0.000527445,0.000492653,0.000514393,-4.57E-05,0.000336662,0.000475678,-0.000238339,-3.62E-05,0.001107281,-0.00474526,0.00166089,0.00043234,2.35E-05,1290,2010,1020,0.60024164,-5.07E-05,1.16E-05
10,210412_MAPI_Devices,JV_PL_DF_MAPI_1sun_35C_60RH_air,YM14-10,EP3,TRUE,TRUE,TRUE,35,60,21,1,1,0.001571269,9.37E+17,5.68E+16,0.025555924,1.60E+16,9.25E+17,1.42E+17,-0.454132777,0.071058256,2.797365939,40.7241186,0.606744026,90,1.166939529,-1.67788E+14,1.43242E+15,0.504519904,-31.11795535,-25.4,-12.71285706,0.000588333,0.010260514,2.353605469,2.228888889,0.879784331,-1.77E-05,-0.000311826,113752.0851,106430,38489.45125,4.973345592,37.41953385,0.020429063,0.79,0.01613896,0.022608177,1.0109167,-9.16E-06,0.000666667,6.01E-06,-1.11E-05,0.000191659,8.63E-08,-1.25E-19,6.10E-08,4.07E-07,5.52E-06,4.27E-06,0.022951309,0.012240396,-1.09E-05,-1.70E-05,-0.000760392,-1.08E-05,-5.28E-05,-0.00043961,3.88E-07,8.16E-06,1.43E-05,3.93E-07,2.38E-06,8.35E-06,0.004412679,0.000158668,1290,,1065,1290,,855,0.013923851,-0.004689145,-0.006531955,0.002713081,0.014053977,0.00613688,-0.0061767,-0.004671456,-0.315314508,-0.012613363,3.20501E+14,0.109932953,-0.000328861,0.002372543,8.68E-06,0.000391443,0.000243227,0.000390925,4.82E-06,0.000191904,0.00042164,-0.000235072,0.023709221,0.001309299,0.001153772,-0.003217824,0.000617332,-3.02E-05,1035,735,435,0.3383626,-1.96E-05,7.47E-07
11,210412_MAPI_Devices,JV_PL_DF_MAPI_1sun_45C_30RH_air,YM14-11,EP3,TRUE,TRUE,TRUE,45,30,21,1,1,0.000765541,5.01E+17,1.09E+17,0.081383483,6.50E+16,4.96E+17,1.19E+17,-0.200739889,-1.59258368,-0.318746811,-1.662154419,0.879903341,90,1.14835057,6.47651E+15,4.9875E+15,1.709549503,37.78218218,12.06666667,1.620687491,-0.008809006,-0.09678096,2.881433778,1.346666667,1.974661459,-0.000221631,-0.003282611,78848.82032,68100,50827.39428,6.429940025,51.84131307,0.01737022,0.73,0.012680261,0.021554397,0.92781933,2.35E-05,0.001233333,4.06E-05,-1.19E-05,0.000798343,-1.48E-06,-3.39E-05,-1.72E-06,5.69E-07,-5.69E-05,6.00E-07,0.014047729,0.036775219,-1.13E-05,0.000191537,-0.000688879,-1.12E-05,0.000721345,-0.000621434,5.09E-07,-2.27E-06,1.24E-05,5.13E-07,5.23E-06,2.34E-05,0.027650929,-0.000940358,3306,,2856,3306,,1491,0.052856516,-0.007384549,-0.010267164,-0.007849807,0.053254823,0.007110095,-0.008966388,0.009226893,0.001065009,-0.011034729,-1.59E+16,-0.016783666,-0.008735142,-0.0150511,-0.001724891,0.000586804,0.000754787,0.000658895,-0.00173593,-6.91E-05,0.000753934,-0.001053644,5.24E-06,0.000436524,2.65E-05,0.00148835,0.000660297,0.001109184,1050,1836,1185,0.644618322,-0.000282299,1.80E-06
12,210412_MAPI_Devices,JV_PL_DF_MAPI_1sun_35C_70RH_air,YM14-14,EP3,TRUE,TRUE,TRUE,35,70,21,1,1,0.00129095,1.01E+18,5.05E+16,0.02975322,1.61E+16,1.00E+18,1.19E+17,-0.366030042,-1.618065409,-0.234076803,-1.367687369,0.857553998,90,1.161859495,6.07592E+14,5.97484E+14,0.525626406,28.56054649,12.76666667,14.4607673,-0.004588963,-0.05595316,0.62999843,0.255555556,0.727222287,-4.57E-05,-0.000605889,74126.19709,64610,44691.10001,6.49461458,51.11126589,0.016794703,0.77,0.012931922,0.02133425,0.96419738,3.63E-05,0.000483333,3.73E-05,-5.18E-06,0.00040668,-1.97E-06,-1.33E-05,-1.76E-06,1.15E-07,-2.80E-05,2.60E-06,0.028300721,0.063244248,-4.65E-06,-1.52E-05,-0.000491406,-4.65E-06,-4.95E-06,-0.001041242,1.15E-07,1.77E-06,1.81E-05,1.15E-07,-1.44E-06,6.42E-05,0.007474534,-0.0003277,2758,2773,2535,2758,2758,2370,0.012790008,0.00068631,-0.002356801,0.006045653,0.012868467,0.005928387,-0.009162033,0.001593201,4.96E-05,0.005260167,-9.42402E+15,-0.040204656,0.01143793,6.13E-05,-0.000580691,6.96E-05,0.000185365,-0.000156546,-0.000585913,-0.000159366,0.000705295,-0.000258158,5.37E-06,-0.000449079,-5.72E-05,0.002178288,-0.000218819,2.31E-05,765,2535,1875,0.602905609,-3.63E-05,4.67E-06
13,210412_MAPI_Devices,JV_PL_DF_MAPI_1sun_35C_70RH_air_2,YM14-5,EP3,TRUE,TRUE,TRUE,35,70,21,1,1,0.001669975,7.13E+17,6.48E+16,0.025285502,1.59E+16,7.01E+17,1.34E+17,-0.266462681,-1.282462956,0.07579065,-0.026089523,0.306039663,90,1.16851455,-1.62947E+15,1.78605E+15,0.766408529,-6.034473074,-10.53333333,-8.139260122,-0.003779862,-0.051346775,2.43714987,1.915555556,1.338285907,-7.45E-05,-0.001020807,70038.97599,63920,31282.85649,7.183748283,62.2643394,0.019824217,0.76,0.015066405,0.022233828,0.99186092,-5.60E-06,0.000666667,8.72E-06,-1.25E-05,0.000175158,1.05E-07,1.50E-19,7.51E-08,6.26E-07,1.16E-06,4.60E-06,0.009759397,0.013392483,-1.18E-05,6.39E-05,-0.000756345,-1.18E-05,-2.43E-05,-0.000812375,5.95E-07,1.17E-06,1.82E-05,5.94E-07,2.49E-06,1.51E-05,0.005190711,0.000111225,3225,4140,2820,3225,5550,2460,0.020691365,-0.002704728,-0.005174843,0.00406834,0.021056412,0.006358204,-0.002100361,0.000537611,0.00404034,-0.031749923,-5.66E+17,0.001128879,-0.001685285,-0.001451412,-0.000143147,0.000233293,0.000143773,7.85E-05,-0.000144748,-4.18E-05,9.34E-05,9.84E-05,-0.000133012,0.001114558,-0.053475808,0.000142117,0.000285651,7.64E-05,5535,2700,1110,0.446649256,-7.84E-05,3.70E-06
14,210412_MAPI_Devices,JV_PL_DF_MAPI_1sun_35C_30RH_air,YM15-1,EP3,TRUE,TRUE,FALSE,35,30,21,1,1,0.003707643,3.51E+18,1.22E+17,0.026728878,6.40E+16,3.50E+18,2.65E+17,-0.618847629,-1.515752349,-0.355775298,-1.072401114,0.026313308,90,1.189133707,-6.0225E+15,4.24156E+15,0.68522366,19.54517331,13.66666667,3.209299322,-0.001714143,-0.03030468,6.727730603,5.602222222,4.517773549,-4.63E-05,-0.00176005,63411.23027,56460,31021.92642,6.958389573,61.92974632,0.020166667,0.8,0.016133333,0.021333333,1.07,-1.63E-05,0.000866667,3.43E-06,-7.89E-06,-0.000522415,7.02E-07,-3.39E-05,-1.05E-07,3.87E-07,3.57E-05,0,0.008714711,0.000274035,-6.27E-06,-0.00017449,-0.00023271,-6.27E-06,-0.000120012,-0.000183088,2.77E-07,1.53E-05,1.39E-05,2.75E-07,1.44E-05,1.04E-05,-0.00134677,0.00029516,6750,,5475,6750,,5325,-1.38E-05,-0.008420485,-0.005257027,-0.008536546,-6.51E-06,-0.002570099,0.00286813,-0.001622245,0.00057072,0.003974541,4.52613E+13,-0.011955757,-0.01074995,-0.002420431,0.000273726,0.00055923,0.000183566,0.000650812,0.000273197,0.000398837,-0.000781542,6.91E-05,-1.65E-05,-0.000312979,-0.000370905,0.001193248,0.000892606,0.000211152,3150,5610,2745,0.489218176,-9.31E-05,2.12E-05
15,210412_MAPI_Devices,JV_PL_DF_MAPI_1sun_65C_40RH_air,YM15-3,EP3,TRUE,TRUE,TRUE,65,40,21,1,1,0.001819464,1.46E+18,5.74E+16,0.02561566,1.83E+16,1.44E+18,1.76E+17,-0.567365137,-1.480611101,-0.39440886,-1.259394793,0.370102784,90,1.170730925,-1.38478E+14,6.76081E+14,0.478354188,139.896391,-3,56.95154505,-0.0222645,-0.248341241,-0.54877599,0.342222222,1.084408294,4.15E-05,0.000475425,69998.57324,58730,49141.1188,6.621737393,52.06286218,0.020310598,0.8,0.016248479,0.021819248,1.0108109,-1.84E-05,0.000816667,7.77E-07,-1.35E-05,4.41E-05,8.58E-07,-3.06E-05,8.63E-08,5.11E-07,8.20E-06,1.63E-06,0.000907365,0.01766285,-1.31E-05,0.000119645,-0.000270176,-1.31E-05,8.45E-05,-0.000393533,4.88E-07,3.75E-06,1.33E-05,4.90E-07,3.48E-06,1.77E-05,0.002508539,0.000137547,3705,,2760,3705,,2760,0.005161575,0.002040902,-4.77E-05,0.009906321,0.005207908,0.00230281,-0.007519397,-0.001367213,0.00093992,-0.002447405,-5.96419E+15,0.290458652,0.025582378,0.002415529,7.32E-05,0.000541624,0.000392039,0.000503979,7.15E-05,0.000183588,-0.000621937,-4.70E-05,-2.77E-06,-0.000176108,-0.000174714,0.011064738,0.000512539,-3.76E-05,2010,2925,840,0.702030292,-0.000521145,2.12E-05
16,210412_MAPI_Devices,JV_PL_DF_MAPI_1sun_85C_40RH_air,YM15-10,EP3,TRUE,TRUE,TRUE,85,40,21,1,1,0.000929565,8.54E+17,4.31E+16,0.042072232,1.73E+16,8.52E+17,6.35E+16,-0.594908362,-1.560737616,-0.433182503,-1.462605829,0.805788668,90,1.153369276,9.84547E+14,8.62838E+14,0.506376697,566.6770725,24.4,621.7498903,-0.065835746,-0.66626259,-7.560074506,-0.565555556,-5.729743195,0.001405922,0.016725149,70607.63011,61550,40289.96986,6.383747489,48.2232708,0.01943143,0.8,0.015545144,0.021033153,0.9737978,-2.66E-05,0.000183333,-1.81E-05,-1.46E-05,-6.57E-05,2.22E-07,-2.06E-05,-2.12E-07,3.49E-07,1.43E-05,1.04E-05,0.011694572,0.018888503,-1.38E-05,1.31E-06,0.000274985,-1.37E-05,7.46E-05,0.0004315,2.98E-07,6.64E-06,-1.16E-05,2.97E-07,-4.21E-07,1.84E-05,0.002037999,0.000402338,720,,285,720,,285,0.003010837,-0.005560787,-0.006008811,-0.007471774,0.003008644,-0.000254329,-0.000772864,-0.003628102,0.001162264,-0.005807952,-1.75807E+15,-0.016383566,-0.012687671,-0.002446439,0.000469678,7.96E-05,4.31E-07,-0.000411342,0.000470849,0.000123261,-3.29E-05,-6.74E-05,2.51E-05,-0.000641274,-0.004021185,-0.002259374,-0.00165459,-0.000562475,0,225,195,0.57061779,0.002932019,-1.06E-05
17,210412_MAPI_Devices,JV_PL_DF_MAPI_1sun_75C_40RH_air,YM15-4,EP3,TRUE,TRUE,FALSE,75,40,21,1,1,0.00166685,1.66E+18,6.36E+16,0.035817996,3.13E+16,1.65E+18,1.54E+17,-0.525396489,-1.563296255,-0.397079976,-1.358991658,0.782143197,90,1.168466122,1.626E+15,1.48506E+15,0.577585381,314.1466539,89.06666667,343.0841725,-0.036188951,-0.446558831,-7.969542246,-3.197777778,-11.17254496,0.000618654,0.010879204,52652.11438,42020,32400.59979,5.797313049,44.77387224,0.019245292,0.8,0.015396233,0.02119006,0.99677062,-9.19E-06,0.000783333,7.27E-06,-5.51E-06,-1.16E-05,-1.32E-07,-2.89E-05,-6.69E-07,6.10E-08,5.24E-06,2.23E-06,0.00235288,0.022686394,-5.43E-06,-1.84E-05,-5.60E-05,-5.42E-06,-3.73E-05,-1.88E-05,7.11E-08,7.39E-06,9.85E-07,6.52E-08,9.49E-06,4.99E-06,0.001762549,0.000198747,2550,,1815,2550,,1665,0.002054402,-0.0087806,-0.008202407,-0.010433522,0.002020306,0.003110719,0.000249262,-0.001704959,0.000619217,-0.008019642,-2.5116E+15,-0.015392279,-0.013832632,-0.002357874,0.000227909,3.63E-05,0.000199498,-0.00025382,0.000230706,1.95E-05,6.84E-06,2.18E-05,3.76E-06,-0.000297451,-0.002376899,-0.001615551,-0.001189336,-0.000390171,1275,1650,1170,0.615371295,0.002081035,-0.000102463
18,210122_Schrodingers_Perovskite,P38_X-6_fullsuite,P38-X,EP3,TRUE,TRUE,TRUE,25,40,21,1,1,0.00133849,1.18E+18,6.66E+16,0.03184676,7.44E+16,1.12E+18,2.04E+17,6.11505791,84.5483826,12.14300257,192.0718411,0.123016357,12,1.162794393,-2.40651E+15,5.40184E+15,0.805125345,26.7312439,26.5,-4.639544149,-0.000580661,0.004781391,-5.778681183,-12.75,0.809086281,-8.82E-05,0.001262988,100050.236,90030,45526.18002,5.63641509,42.48095848,0.021221692,0.74,0.015704052,0.024276632,1.0361218,-1.92E-05,-0.002625,-6.95E-05,-2.25E-05,-0.00025926,-1.81E-05,0.00246875,3.94E-05,1.42E-06,0.000393275,2.01E-05,0.063622068,0.003457214,2.07E-05,0.000816209,-0.004362699,2.23E-05,0.000234578,-0.003547048,-7.82E-06,-0.000110887,0.000158774,-8.19E-06,1.20E-05,0.000455843,-0.003365767,0.007863043,232,,232,232,,232,-0.004288646,-0.022139682,-0.024501391,-0.012546169,-0.002162105,-0.012234355,-0.0039328,-0.027441979,-0.055924235,-0.018438069,-2.63263E+13,0.006716916,-0.012813853,0.022991647,0.012470459,0.015662377,0.008034768,0.019916829,0.012620168,0.008485831,-0.004747009,0.002746449,0.002998652,-0.000168915,-0.000690798,0.028031045,0.018923076,0.003915536,0,768,94,0.45503321,-0.000167592,3.46E-05
19,210122_Schrodingers_Perovskite,P38-3-8_unsteady_bias_and_light,P38-3,EP3,FALSE,FALSE,FALSE,25,40,21,1,1,0.004718172,1.02E+19,2.07E+17,0.037130151,2.30E+17,1.01E+19,9.40E+17,3.34358895,10.70270663,2.527809603,11.83195223,0.459430638,12,1.195364664,-7.38687E+15,1.87E+16,-3.057314941,-617.9581353,-253.5,-563.0085533,0.003846552,-0.003257083,95.58579406,47.125,77.61471385,0.000338624,0.004056872,23894.93497,19330,7288.506695,1.179842199,0.420304289,0.01638445,0.7,0.011469115,0.021567555,1.0248208,0.000292598,0.00475,0.000294917,5.60E-05,0.000754615,-9.01E-05,-0.00015625,-6.53E-05,-2.37E-05,-0.000521575,7.10E-06,0.039597342,0.045939384,1.88E-05,-0.00056025,-0.010918571,1.79E-05,-0.00011599,-0.008981317,-1.06E-05,-0.000192856,0.002037696,-1.02E-05,1.21E-05,0.00208015,0.008996141,-0.034603217,,,,,,,0.042474961,-0.026604081,-0.02040803,-0.058426001,0.041767128,0.006831732,-0.014905184,0.036756757,0.094345569,0.03500298,3.65E+16,-0.084440993,-0.076112738,0.556684256,-0.052699538,0.023212508,0.022659301,0.02486786,-0.052817218,-0.018622306,-0.006148939,-0.037880854,-0.051696905,-0.136957789,-0.283528469,0.028954168,0.024673912,0.054340825,4,,,0.305023081,-0.020013776,0.001903707
20,210122_Schrodingers_Perovskite,W86-5-8_unsteady_bias_and_light,WDS84-5,EP3,TRUE,TRUE,TRUE,25,40,21,1,1,0.00181967,1.46E+18,7.70E+16,0.026982382,8.05E+16,1.38E+18,2.58E+17,7.134967132,92.59676191,16.53026021,338.7331083,0.95061849,12,1.170733847,1.35171E+15,5.92033E+15,0.728659985,38.7150038,21.5,24.96001473,5.29E-05,0.000100273,-13.2878167,-6.5,-10.42098839,-6.03E-06,0.000235208,24737.14296,21200,5472.460131,0.793920333,-0.976826203,0.019613763,0.78,0.015298735,0.022609638,1.0317787,8.76E-05,-0.000125,6.66E-05,2.89E-05,0.003042275,-7.26E-06,-0.00203125,-4.58E-05,-8.57E-06,-0.001598862,2.33E-06,0.006247609,0.007377269,2.75E-05,-0.004065811,0.007727543,2.68E-05,-0.000758553,0.006194386,-9.81E-06,0.001131121,0.001468555,-9.57E-06,0.000154481,0.000937406,0.043394288,-0.009514025,935,1339,1015,907,1239,945,0.073269046,-0.025328605,-0.054016187,0.106733873,0.078089958,0.040311216,-0.072718641,-0.050447771,-0.0700464,-0.013095185,3.15194E+14,-0.27514209,0.091181658,0.000205817,0.003848916,0.001807431,0.009331525,0.024827703,0.003534569,-0.006149734,0.035220947,0.032754324,0.032687689,-0.000114996,-0.012242415,0.175010861,0.018933668,-0.008097354,781,154,449,0.221224421,0.000653542,-0.000299455
21,210122_Schrodingers_Perovskite,WDS84-1-8_unsteady_bias_and_light,WDS84-1,EP3,TRUE,TRUE,TRUE,25,40,21,1,1,0.001735975,4.33E+18,1.40E+17,0.046535659,2.90E+17,4.33E+18,1.80E+17,6.286883247,42.60801192,6.127621596,44.66740902,0.323614345,12,1.169516582,-5.53167E+15,2.07E+16,-0.350597949,12.70414074,2.5,12.50780207,-0.00519055,-0.115170756,-5.603647839,-1.125,-6.888771281,0.001749443,0.049497083,20077.76426,17430,4427.387411,1.729291153,8.999995401,0.014144118,0.7,0.009900883,0.02459702,0.93738972,0.000179194,-0.01325,-8.22E-05,3.87E-05,-0.001346172,-1.71E-05,0.002875,2.89E-05,2.15E-05,-0.000655731,4.40E-05,0.014815114,0.074446515,-1.48E-05,-0.003188507,0.000912385,-1.93E-05,-0.007051074,0.001163819,1.30E-05,0.002911211,-0.000966961,1.52E-05,0.000852014,-0.001396215,-0.022141328,0.016111606,972,,,930,,978,-0.044379482,-0.055588274,-0.051397923,-0.039268715,-0.045933165,-0.015668742,-0.004154448,0.01134789,0.050980382,0.028705654,-4.305E+15,-0.055042124,-0.039738274,0.14553705,0.036455116,0.037605774,0.028042875,0.039293725,0.037718315,0.008821892,-0.007533102,-0.015529124,-0.065993867,-0.046653397,-0.163059275,0.044309354,0.039366467,-0.069031267,784,,376,0.220511973,0.000480404,-0.000280324
22,210122_Schrodingers_Perovskite,YM5-1-3_Full_Suite_15min_50RH,YM5-1,EP3,TRUE,TRUE,TRUE,25,50,21,1,1,0.001257738,3.79E+17,5.56E+16,0.028789886,1.23E+16,3.51E+17,1.39E+17,1.202841296,10.33478684,9.770739018,205.7093025,0.64010028,90,1.161185707,7.89863E+14,1.77673E+15,0.430817677,-1.053271533,4.266666667,-5.116828653,-0.006286941,-0.116603511,0.117509613,0.142222222,-0.058626023,6.94E-05,0.001209994,71226.17998,59870,48199.10054,6.849444712,56.71878994,0.02326215,0.7,0.016283505,0.025288682,0.9901463,1.63E-06,0,1.13E-06,8.31E-07,-0.000551534,-1.53E-07,1.56E-05,2.56E-07,-7.05E-08,2.64E-05,1.30E-06,0.04487395,0.023634839,8.76E-07,-0.000545354,-0.000509564,9.09E-07,-0.000662172,-0.000458173,-7.38E-08,2.43E-05,5.98E-06,-7.31E-08,5.03E-05,1.82E-05,-0.001237103,0.000125493,3150,,1830,3090,,1710,0.015798116,-0.00601431,-0.004210803,-0.001701042,0.017989528,-0.005461059,-0.005792894,-0.011623866,-0.015601384,-0.013116022,2.91051E+13,-0.0246936,-0.008030684,0.001809052,-0.000889522,0.000600118,0.000487919,0.000438088,-0.001021159,0.000488958,0.000165484,0.001014432,0.00127715,0.001112307,0.001119244,0.001443426,0.000643066,-0.000117456,1485,,1470,0.676704837,-6.19E-05,-1.95E-06
23,210122_Schrodingers_Perovskite,YM5-6-5_Full_Suite_15min,YM5-6,EP3,TRUE,TRUE,TRUE,25,40,21,1,1,0.001208066,6.86E+17,5.21E+16,0.029537108,1.35E+16,6.75E+17,1.20E+17,0.010653162,8.310420655,2.904760401,180.6423846,0.884616759,90,1.160144019,1.17905E+15,1.12432E+15,0.583415702,2.282912935,1.666666667,2.903851133,-0.000524333,-0.009540137,-1.476769788,-1.368888889,-0.213623873,2.61E-05,0.000365601,75563.14441,67780,39261.30361,7.059344853,59.43759036,0.02200116,0.7,0.015400812,0.024359367,0.96985184,7.50E-06,0.000366667,1.35E-05,-1.85E-06,-0.000236929,-5.54E-07,1.56E-05,-3.88E-08,-6.85E-08,2.49E-05,1.70E-06,0.018932609,0.005746962,-1.80E-06,-0.000172976,-0.000829153,-1.78E-06,-4.29E-05,-0.000485321,-5.97E-08,1.50E-05,9.76E-06,-5.99E-08,2.93E-06,2.56E-06,-0.001532378,5.15E-05,2100,,2100,2100,,1830,0.006733205,-0.007770401,-0.005378312,-0.005703442,0.00688644,-0.003907258,-0.007528781,0.752487228,0.018805391,-0.120255055,2.55826E+13,-0.015495979,-0.009203252,-0.001244637,-0.000190714,0.000445552,0.000368697,0.000146994,-0.00019424,6.33E-05,0.000180024,-0.010430924,-0.000345065,-0.026459149,-0.071856617,0.000876398,0.000640565,9.46E-05,1365,2940,1545,0.519582713,2.28E-05,7.28E-06
24,210122_Schrodingers_Perovskite,YM5-12-3_Full_Suite_15min_60RH,YM5-12,EP3,TRUE,TRUE,TRUE,25,60,21,1,1,0.001182631,5.28E+17,9.24E+16,0.047662694,4.94E+16,4.48E+17,2.25E+17,10.36053149,626.2610202,0.455981457,-0.750373962,0.5700618,90,1.159593921,3.78858E+15,5.05008E+15,1.692414944,-12.13451959,-6.6,-7.296489491,0.003940567,0.050647413,0.611240827,0.5,0.533843174,-7.68E-05,-0.001038347,87205.2047,77340,45271.24045,6.118100502,48.5048507,0.02302929,0.7,0.016120503,0.025950215,0.98745147,4.57E-06,0.000366667,1.18E-05,-4.19E-06,-0.000205264,-4.60E-07,1.56E-05,3.98E-08,-2.88E-09,1.41E-05,1.50E-06,0.010283911,0.007170644,-5.53E-06,-0.000323887,-0.000911,-5.68E-06,-4.41E-05,-0.000237418,-3.22E-08,2.31E-05,2.52E-05,-3.25E-08,2.96E-06,-4.32E-06,0.00215704,-7.70E-05,1830,1410,1410,1830,1410,1110,0.007182719,-0.008286555,-0.008673045,-0.009856761,0.00803513,0.003422149,-0.007723142,-0.007435827,-0.010312256,1.318294917,-5.0536E+15,-0.017119751,-0.010882228,-0.014563261,-0.001196901,0.000613694,0.00055303,0.000720634,-0.001403666,-0.000678136,-2.04E-05,0.001070405,0.00110733,-0.00176162,0.808121492,0.001114855,0.000752265,0.001269468,900,2355,1080,0.519134616,-1.15E-05,2.50E-06
25,210122_Schrodingers_Perovskite,WDS84-11-8_MPPT_Only,WDS84-11,EP3,TRUE,TRUE,TRUE,25,40,21,1,1,0.002206254,8.76E+17,6.88E+16,0.020522577,1.28E+16,8.23E+17,2.95E+17,0.133436002,-0.069074757,0.251194278,-0.093241926,0.665612135,12,1.175713981,4.08157E+14,1.39327E+15,0.587092888,,,,,,,,,,,,,,,,0.018876438,0.76,0.014346093,,1.0451939,8.26E-05,0.000875,8.02E-05,,,-1.51E-05,-0.000375,-1.83E-05,,-0.000754251,,,,,,,,,,,,,,,,0.010019054,-0.004787256,,,1593,,1737,1543,0.181105328,0.006621586,-0.014239913,0.417204164,0.194995312,0.017286446,-0.052145221,0.038145563,2.120700546,0.274871456,-1.70E+18,-1.004303079,0.269262721,0.039479683,-0.030565952,-0.026697073,-0.012350414,-0.240499006,-0.033291616,-0.004540072,0.036770063,-0.202132423,-0.80508051,-0.187727422,-0.180756705,0.772890697,-0.165996112,-0.059663498,1733,2355,,,,
26,210412_MAPI_Devices,JV_PL_DF_MAPI_1sun_35C_30RH_air_2,YM16-14,EP1,TRUE,TRUE,TRUE,35,30,21,1,1,0.001373075,1.05E+18,5.04E+16,0.028200718,1.57E+16,1.04E+18,1.41E+17,-0.379907353,-1.446360047,2.310447683,94.724254,0.33306977,90,1.163453882,-1.9565E+14,5.38673E+14,0.489031709,-6.827962141,-5.4,-9.794005135,-0.000634082,-0.011033993,1.246605378,1.117777778,0.618336353,8.99E-06,0.000243288,83934.15337,76810,40580.02318,6.757355831,56.19000621,0.018531295,0.78,0.01445441,0.021189365,0.98747789,8.13E-06,0.000366667,1.34E-05,-6.96E-06,-2.68E-05,-5.75E-07,-2.78E-06,-5.02E-07,7.69E-08,-4.60E-07,1.25E-06,0.001578576,0.020533162,-7.10E-06,-1.13E-05,-0.000454934,-7.06E-06,8.71E-05,-0.000667274,1.01E-07,7.29E-06,1.54E-05,1.00E-07,5.12E-07,3.14E-05,0.005741162,-3.93E-05,5716,,2835,5716,,2070,0.012583903,-0.005653889,-0.006334148,-0.00128684,0.012642329,0.006592601,-0.001278245,-0.000818363,0.002017031,-0.012355583,1.39916E+14,0.024217767,0.003683851,0.000297296,-0.000184072,0.000150097,0.000106328,-5.15E-05,-0.00018828,5.68E-05,-0.0001954,-0.000417135,-6.55E-05,0.001072911,0.001025155,0.00041125,-0.000799945,-1.76E-05,1725,1995,1665,0.483474504,-7.79E-05,2.03E-07
27,210412_MAPI_Devices,JV_PL_DF_MAPI_1sun_85C_50RH_air_bad_DF,YM15-10,EP1,FALSE,FALSE,FALSE,85,40,21,1,1,0.000906988,6.84E+17,4.08E+16,0.03510301,1.19E+16,6.81E+17,6.53E+16,-0.260598698,-0.752364618,-0.266491033,-0.742087812,0.376524249,90,1.152733658,-1.35024E+14,4.58243E+14,0.4714333,377.0278379,17.3,734.1780833,-0.030366368,-0.439194382,-0.682107018,0.262222222,3.994269438,0.000699629,0.00750035,71990.69269,61470,42377.02186,6.076825571,47.18870291,0.01906273,0.79,0.015059557,0.021848618,0.95455123,-1.38E-05,0.00015,-8.19E-06,-1.98E-05,9.03E-05,-3.33E-07,-7.78E-06,-4.14E-07,3.88E-07,-4.79E-06,4.02E-06,0.002157727,0.025768327,-1.97E-05,8.71E-05,8.00E-05,-1.96E-05,4.11E-05,0.000472827,3.47E-07,-1.76E-06,-2.26E-06,3.53E-07,-1.00E-06,-7.68E-06,-0.00058011,-6.99E-05,120,120,105,120,120,105,0.002243803,-0.006783884,-0.005757772,-0.005107748,0.002228879,-0.000198675,-8.15E-05,-0.015079379,-0.041276824,-0.013133854,-2.0685E+15,-0.001387762,-0.00503708,8.60E-05,-0.000107917,0.000245379,0.000297265,0.000218491,-0.000107239,-7.48E-05,9.31E-05,-0.000270078,-0.003644788,-9.16E-05,-0.000688012,-0.000519299,0.000127795,-1.59E-05,60,105,120,0.588645841,0.005471527,2.89E-05
28,210412_MAPI_Devices,JV_PL_DF_MAPI_1sun_85C_60RH_air_bad2,YM16-5,EP1,TRUE,FALSE,FALSE,85,60,21,1,1,0.000149154,6.45E+16,9.83E+16,0.463303686,2.83E+16,4.63E+16,1.08E+17,1.018040668,0.455296496,0.364822851,0.421232948,1,90,1.106067061,5.53076E+15,1.93556E+15,-0.434371761,507.6848169,33.6,872.4136236,-0.045147465,-0.596120741,-4.787008055,2.193333333,-5.217777576,0.001431885,0.016562255,68802.4323,59040,39015.75858,6.561211463,52.87827827,0.019750735,0.77,0.015208066,0.021667,0.94167742,-2.84E-05,-0.000416667,-2.95E-05,-2.32E-05,0.00024985,4.69E-07,-3.06E-05,-2.03E-07,6.42E-07,-2.30E-06,4.37E-06,0.004995397,0.060200243,-2.27E-05,0.000446324,0.001016955,-2.26E-05,0.000449826,-0.000171346,5.97E-07,-1.18E-05,9.89E-05,5.96E-07,-1.86E-05,6.49E-05,0.011486615,-0.000338241,480,,120,480,,120,0.003148029,0.006683971,-0.003069034,0.025410885,0.009396575,0.007018892,-0.000777264,-0.005082402,-0.002778702,0.020049503,4.82186E+14,0.007085514,0.026809188,-0.010904859,0.000368092,0.00031804,0.000519972,-0.001222687,-5.34E-05,0.000262284,9.73E-05,0.000310669,-0.000338319,-0.001520558,0.001386695,0.000327781,-0.001518374,0.001590779,1155,90,120,0.567069467,0.005950326,-4.41E-05
29,210412_MAPI_Devices,JV_PL_DF_MAPI_1sun_85C_60RH_air,YM16-5,EP1,TRUE,TRUE,TRUE,85,60,21,1,1,0.00100727,9.24E+17,4.31E+16,0.039121673,1.63E+16,9.19E+17,9.27E+16,-0.496081058,-1.51593053,-0.413720567,-1.397380336,0.650802428,90,1.155444728,4.27903E+14,6.68123E+14,0.477097776,687.7341722,38.6,797.968765,-0.06356384,-0.677915239,-23.4581281,-0.781111111,-32.78976807,0.003037197,0.038450303,69511.99713,59130,46548.78403,6.67146353,53.30746272,0.019905108,0.8,0.015924087,0.021249937,0.97043216,-2.85E-05,0.0003,-1.74E-05,-2.23E-05,-3.26E-05,1.10E-06,-1.11E-05,6.65E-07,5.23E-07,5.36E-06,7.52E-06,0.002648563,0.026109657,-2.19E-05,2.23E-05,8.17E-05,-2.19E-05,-5.63E-05,0.000452287,5.19E-07,-1.50E-07,-1.73E-06,5.21E-07,1.80E-06,-2.32E-05,0.001066708,0.000146788,990,,375,990,,375,-0.000496529,-0.002795399,-0.004838792,-0.004405295,-0.000642505,0.007299931,-0.004199493,-0.003378928,0.000900801,-0.005709414,3.28192E+14,-0.018094173,-0.007161975,0.000134961,0.000166969,0.000602368,0.000514833,0.000611816,0.000168591,0.000146295,-0.00036836,-0.000120167,-1.19E-05,-2.21E-05,-8.96E-06,-0.000132787,0.000586376,6.64E-06,0,345,210,0.669651081,0.002829959,-0.000187739
30,210412_MAPI_Devices,JV_PL_DF_MAPI_1sun_55C_40RH_air,YM18-5,EP1,TRUE,FALSE,TRUE,55,40,21,1,1,0.000965759,4.85E+17,4.31E+16,0.030197113,7.93245E+15,4.61E+17,1.28E+17,0.364846634,-0.978701943,0.333421904,-0.380763241,0.511036614,90,1.15435678,2.41606E+13,4.63377E+14,0.469051111,115.3032418,53.52036964,26.55137911,-0.012640928,-0.149682454,0.387122164,-0.62361266,1.194150424,-3.21E-06,0.000196034,82487.11147,72440.85401,49545.97736,6.84321951,55.51543938,0.02025188,0.8,0.016201504,0.02158584,0.98726545,-1.76E-05,0.001033333,5.70E-06,-1.21E-05,0.000271805,4.10E-07,-2.28E-05,-1.32E-07,2.47E-07,1.79E-06,6.50E-07,0.009598448,0.019729291,-1.26E-05,0.000332615,-0.000544692,-1.26E-05,-0.000190647,0.000148369,2.23E-07,2.50E-06,1.73E-05,2.30E-07,-2.13E-05,7.16E-05,-0.007009725,0.000672019,2025,,645,2025,,615,-0.00791067,-0.007750511,-0.001743015,-0.007956521,-0.008032988,-0.00594946,-0.000605322,-0.000896894,0.006707157,-0.008084486,1.01E+16,-0.02139192,-0.00816633,0.000669797,0.000654585,0.000769411,0.000244627,0.000742275,0.000646332,0.000726639,5.33E-05,-0.00048856,-0.00013121,0.000497905,-0.003709843,0.00172297,0.000792446,-3.78E-05,525,480,990,0.600651138,-0.000476818,1.20E-05
