,ClassID,ExptID,BatchID,Drive,JV_ok,PL_ok,DF_ok,Shunted,Temp (deg C),RH (%),Oxygen (%),Illum (Nsuns),MA fraction,PLQY_0,xy1t0_0,xy0t1_0,xy0t1Norm_0,xy1t1_0,t0xy1_0,t1xy0_0,xy2t0,xy3t0,xy2t1,xy3t1,frac_bright_0,pred_horiz,QFLS_0,beta_mean,beta_std,cv_slopes,dDFmeandt,dDFmediandt,dDFstddt,dDFskewdt,dDFkurtdt,d2DFmeandt2,d2DFmediandt2,d2DFstddt2,d2DFskewdt2,d2DFkurtdt2,DFmean_0,DFmedian_0,DFstd_0,DFskew_0,DFkurtdt_0,Jmpp_0,Vmpp_0,Pmpp_0,Jsc_0,Voc_0,dJmppdt,dVmppdt,dPmppdt,dJscdt,dVocdt,ddJmppdt2,ddVmppdt2,ddPmppdt2,ddJscdt2,ddVocdt2,Jschyst_0,Vochyst_0,FFhyst_0,dJsc_fwddt,dVoc_fwddt,dFF_fwddt,dJsc_revdt,dVoc_revdt,dFF_revdt,ddJsc_fwddt2,ddVoc_fwddt2,ddFF_fwddt2,ddJsc_revdt2,ddVoc_revdt2,ddFF_revdt2,dPLdt,ddPLdt2,t_Jsc75,t_Voc75,t_PCE75,t_Jsc75_max,t_Voc75_max,t_PCE75_max,dxy1t0dt,dxy0t1dt,dxy0t1Normdt,dxy1t1dt,dt0xy1dt,dt1xy0dt,dfrac_brightdt,dxy2t0dt,dxy3t0dt,dxy2t1dt,dxy3t1dt,dbeta_meandt,dbeta_stddt,dcv_slopesdt,ddxy1t0,ddxy0t1,ddxy0t1Norm,ddxy1t1,ddt0xy1,ddt1xy0,ddfrac_bright,ddxy2t0,ddxy3t0,ddxy2t1,ddxy3t1,ddbeta_mean,ddbeta_std,ddcv_slopes,t_Vocmax,t_FF90,t_Jsc90,DFCV_0,dDFCVdt,d2DFCVdt2,sexp_beta,sexp_tau,sexp_R2,sexp_MAE,sexp_RMSE,sexp_Jsc75,sexpsig_beta,sexpsig_tau,sexpsig_a0,sexpsig_shift,sexpsig_sharp,sexpsig_R2,sexpsig_MAE,sexpsig_RMSE,sexpsig_Jsc75,quint_c5,quint_c4,quint_c3,quint_c2,quint_c1,quint_c0,quint_R2,quint_MAE,quint_RMSE,quint_Jsc75,plin_y1,plin_y2,plin_y3,plin_t1,plin_t2,plin_t3,plin_R2,plin_MAE,plin_RMSE,plin_Jsc75,t_Jsc80,t_PCE80,Rs_hyst,Rsh_hyst,n_id_hyst,J0_hyst,JL_hyst,Rs_fwd_0,Rsh_fwd_0,n_id_fwd_0,J0_fwd_0,JL_fwd_0,Rs_rev_0,Rsh_rev_0,n_id_rev_0,J0_rev_0,JL_rev_0,dRs_fwd_dt,dRsh_fwd_dt,dn_id_fwd_dt,dJ0_fwd_dt,dJL_fwd_dt,dRs_rev_dt,dRsh_rev_dt,dn_id_rev_dt,dJ0_rev_dt,dJL_rev_dt,ddRs_fwd_dt2,ddRsh_fwd_dt2,ddn_id_fwd_dt2,ddJ0_fwd_dt2,ddJL_fwd_dt2,ddRs_rev_dt2,ddRsh_rev_dt2,ddn_id_rev_dt2,ddJ0_rev_dt2,ddJL_rev_dt2,frac_Rs_rev_FF90,frac_Rs_fwd_FF90,frac_Rsh_rev_FF90,frac_Rsh_fwd_FF90,t_FF95,FF_0,dFFdt,ddFFdt2
0,210412_MAPI_Devices,JV_PL_DF_MAPI_1sun_35C_40RH_air,YM7-2,EP4,TRUE,TRUE,TRUE,FALSE,35,40,21,1,1,0.001268693,8.16E+17,4.96E+16,0.026350003,9.64916E+15,6.32E+17,2.84E+17,14.38155003,517.5240768,1.970760313,21.89309768,0.657857755,120,1.161409902,1.88084E+14,6.10676E+14,0.397877126,-1.871778109,1.738095238,-4.479201087,-0.000157537,-0.003217972,0.850331088,0.687301587,0.767855954,-8.66E-06,-0.000213126,57319.97189,47690,43012.25842,6.967925377,59.1455964,0.019884485,0.73,0.014515674,0.02249502,0.96807453,-9.24E-06,0.000279762,-1.46E-06,-1.13E-05,0.000124494,1.70E-08,-9.92E-06,-1.87E-07,2.28E-07,-2.74E-06,7.83E-06,0.008115828,0.007586129,-9.47E-06,7.03E-05,-0.000101304,-9.42E-06,2.68E-05,0.000120461,2.18E-07,-1.82E-06,-7.25E-06,2.22E-07,-6.22E-07,-7.80E-06,-0.000264752,4.96E-05,3405,,3270,3405,,3210,0.002653315,-0.002953155,-0.002321115,0.001862357,0.004473978,-0.001181753,0.000940891,-0.004872358,-0.00603256,-6.11E-07,9.89374E+13,-0.000953545,0.004020558,0.001008643,-1.23E-06,0.000152879,9.58E-05,-1.62E-05,-5.21E-05,0.000102267,-5.78E-05,0.000104886,8.85E-05,-0.000711778,-0.001103848,3.31E-06,-0.000152263,-5.92E-05,1995,3615,270,0.750388686,-5.41E-05,2.31E-06,0.424262058,76682.9419,0.931007055,0.011705557,0.013765771,1995,1,223.3659638,0.116722555,5977.528481,0.000658305,0.988583598,0.004388828,0.005599675,3360,-7.67E-18,8.08E-14,-3.15E-10,5.48E-07,-0.000439435,0.985583683,0.994862969,0.00253992,0.003756248,3435,0.89017281,0.734192438,0.002411865,239.6644083,3908.783537,4185.104031,0.975491598,0.006700528,0.008204568,3540,2430,2805,53.33348116,2410189.129,2.062571855,4.40E-05,1.00E-05,0.023082065,2438077.096,6.007207095,4.57E-05,-0.022339224,53.35656323,27887.9673,3.944635241,1.70E-06,-0.022329216,9.06E-05,-22500.11096,-0.004621473,-1.93E-07,9.67E-06,0.079624552,8.757250855,-0.006513289,-1.46E-08,9.45E-06,4.44E-05,1108.863919,-4.94E-05,1.01E-09,-2.19E-07,-0.003389902,-19.89773435,0.000125802,3.73E-10,-2.35E-07,0.245083375,1011.743756,0.46880952,0.003835263,2865,0.666564269,0.000195519,-1.35E-05
1,210412_MAPI_Devices,JV_PL_DF_MAPI_1sun_35C_50RH_air,YM7-12,EP4,TRUE,TRUE,TRUE,FALSE,35,50,21,1,1,0.001448676,7.13E+17,5.39E+16,0.024486915,1.20E+16,6.65E+17,1.84E+17,3.650694783,38.51428941,7.307016458,286.9664744,0.17707752,120,1.164839473,-6.04189E+14,9.05829E+14,0.578565195,-2.781746724,-2.69047619,-3.333258338,0.000161684,0.006094265,0.776156955,0.646031746,0.592070522,-1.61E-05,-0.000555976,60516.33847,52370,36115.63837,6.84645685,57.56214514,0.019907977,0.76,0.015130062,0.022648473,0.9789394,-1.10E-05,0.000261905,-3.45E-06,-1.68E-05,0.000164488,-1.33E-07,-7.94E-07,-1.25E-07,1.01E-07,3.23E-06,7.33E-07,0.005188199,0.020918769,-1.39E-05,5.72E-05,0.000228445,-1.37E-05,4.05E-05,0.000320803,5.10E-08,9.78E-07,-1.49E-05,4.84E-08,3.32E-07,-1.25E-05,-0.000255933,0.000186876,4080,,2085,4080,,1950,0.003545252,-0.002460008,-0.001658376,-0.000283763,0.003809673,0.000763717,0.003766491,-0.006122257,-0.006714015,-0.007146018,8.80594E+12,-0.009727156,-0.001934999,-0.000405417,7.56E-05,0.000223716,1.22E-05,0.000212413,6.71E-05,8.26E-05,-0.000400595,0.000747545,0.000804074,0.000823484,0.000797464,0.000977159,0.000277202,6.73E-05,1515,1710,180,0.596791532,-2.79E-05,2.17E-06,0.414610719,100000,0.8918196,0.010702865,0.014043704,1995,1,156.704445,0.112403034,7522.586457,0.000496328,0.990588219,0.003196959,0.004142316,4110,-3.60E-18,4.04E-14,-1.69E-10,3.21E-07,-0.000291257,0.954501837,0.973135064,0.004815535,0.006998424,4050,0.884297175,0.747235771,0.002916596,173.6886991,4643.21746,4871.202538,0.985004567,0.004103779,0.005228618,3540,3045,1695,84.58492189,38313.1639,3.687123543,3.91E-05,0.000149772,0.000989293,48313.52164,5.881761451,3.91E-05,-0.022453795,84.58591118,10000.35774,2.194637907,8.58E-10,-0.022603567,0.000369231,-211.428637,-0.008580716,-2.61E-07,1.42E-05,-0.230361771,328.6180979,0.006542542,5.45E-10,1.51E-05,1.75E-05,6.432619998,0.000182402,8.36E-09,-5.94E-08,0.009614366,-7.62692006,-0.000352901,-1.31E-11,-1.35E-07,0.512124473,46660.09127,0.585981287,0.088612824,1650,0.68241093,0.000258722,-1.08E-05
2,210412_MAPI_Devices,JV_PL_DF_MAPI_1sun_45C_40RH_air,YM7-10,EP4,FALSE,FALSE,FALSE,FALSE,45,40,21,1,1,0.001071402,4.15E+17,4.57E+16,0.02826219,7.1906E+15,3.91E+17,1.35E+17,0.091099411,1.293997128,0.338820336,3.245998193,0.546562962,120,1.157040433,3.18609E+13,5.23779E+14,0.460950233,-56.94734928,-53.19047619,-10.02027571,0.000201028,0.005104593,1.775876806,1.431746032,1.00492085,-3.61E-05,-0.000546867,67710.4888,58170,40078.55814,6.582517518,53.23877371,0.019204098,0.75,0.014403074,0.02123712,0.95940052,-1.64E-05,0.00039881,-5.24E-06,-1.61E-05,0.000172225,1.62E-08,-3.97E-07,-6.13E-09,2.29E-07,-2.79E-06,1.60E-06,0.007237847,0.012745486,-1.47E-05,0.00010939,8.08E-05,-1.46E-05,4.74E-05,0.000205753,2.08E-07,-1.34E-06,-9.81E-06,2.09E-07,-1.06E-06,-3.05E-06,-0.001710067,0.000107307,3540,,3360,3435,,3285,0.00438127,-0.003382055,-0.001374778,0.000898075,0.004951498,-0.002489188,0.00170227,-0.021039843,-0.011909228,-0.004334493,5.60382E+14,0.0441164,-0.001683742,0.000398909,-0.000237194,0.000313008,0.000202072,9.07E-05,-0.00027337,0.000157709,-0.000159701,0.003937305,0.001648011,0.000650565,-8.36E-05,-0.004924164,0.000192814,-2.67E-05,1275,1860,180,0.591910631,0.000377002,-1.10E-06,0.77060613,100000,-0.207601176,0.113452336,0.119733413,1995,7.25E-37,170.1075695,0.085924501,3650.628591,0.01043192,0.113605349,0.091905388,0.102581055,3540,2.67E-17,-2.58E-13,8.02E-10,-8.62E-07,0.000195807,0.91446106,0.772150519,0.039151975,0.052008894,4050,0.765106789,1,0.299830018,1737.490069,1890.000015,24358.21353,0.514833001,0.061108502,0.075892564,3540,3480,3120,27.41539443,567787.269,0.813014437,6.40E-06,4.03E-06,4.819535023,643013.4506,4.486163188,7.64E-06,-0.021088428,32.23492945,75226.18157,3.673148751,1.24E-06,-0.021092462,-0.013319618,6249.613111,-0.003081353,-4.01E-08,1.47E-05,0.052592583,-890.6562216,-0.007898951,-1.25E-08,1.45E-05,1.18E-05,93.87235526,2.28E-05,7.25E-10,-2.09E-07,-0.000758623,-41.17985115,-6.77E-05,1.75E-10,-2.15E-07,0.23157601,3.93182689,0.066168815,0.006164371,1590,0.706902657,0.00017208,-5.75E-06
3,210412_MAPI_Devices,JV_PL_DF_MAPI_1sun_45C_60RH_air,YM7-6,EP4,TRUE,TRUE,TRUE,FALSE,45,60,21,1,1,0.000879826,4.21E+17,4.14E+16,0.03187487,7.87524E+15,4.12E+17,8.65E+16,-0.102966653,-0.078829707,0.141230077,-0.059029258,0.482552083,120,1.151947616,-6.9453E+13,5.33384E+14,0.484795107,13.10926804,-23.85714286,36.38236707,-0.01475209,-0.216825895,0.017801255,-0.212698413,0.887052929,-3.66E-06,0.000210197,63677.92087,56040,32697.76621,6.763207673,57.44616006,0.019065543,0.78,0.014871124,0.021499482,0.98094642,-1.58E-05,0.000333333,-6.49E-06,-1.80E-05,9.68E-05,5.32E-08,-3.97E-06,-3.79E-08,2.41E-07,4.52E-07,5.68E-06,0.009669996,0.002188376,-1.63E-05,4.11E-05,4.76E-05,-1.62E-05,0.00012975,0.000259253,1.85E-07,4.86E-07,-8.07E-06,1.85E-07,-1.41E-06,-1.08E-05,-9.51E-05,5.35E-05,2475,,1815,2475,,1815,0.004802303,-0.004129658,-0.003597295,-0.001821205,0.004966476,-0.00122746,5.77E-05,-0.003542448,-0.047030109,0.006899908,-3.42E+16,0.003349298,-0.002401716,-1.41E-05,-0.000182036,0.000277931,0.00020956,0.000132519,-0.000190278,0.0001015,-0.000204734,-0.002238869,-0.015677791,0.001845641,-0.019266761,0.002485758,0.000275196,4.62E-06,1080,1725,225,0.513486712,0.000457967,1.35E-05,0.38728536,81118.38686,0.952343099,0.007275516,0.010625295,1995,0.489392771,1287.315858,0.285422584,2797.788552,0.009168886,0.990430711,0.003701476,0.004761217,2490,-3.11E-17,1.87E-13,-4.29E-10,4.94E-07,-0.000353529,0.963806907,0.984509621,0.004353694,0.006057719,2475,0.890104036,0.738604324,0.996859498,130.6440982,2875.006386,1487.416499,0.94019434,0.009965882,0.011902803,3540,1860,1305,39.5171596,90537.53599,1.374377202,1.11E-05,9.78E-06,0.013510111,206386.2965,4.832350593,1.17E-05,-0.021308533,39.53066971,115848.7605,3.457973391,6.60E-07,-0.021298753,-5.79E-05,1753.504758,-0.000464404,-1.93E-08,1.64E-05,-0.206388447,6146.301269,0.006260799,2.03E-08,1.62E-05,-6.46E-06,409.7501943,9.44E-05,1.66E-09,-1.86E-07,0.004606586,-55.59911188,-0.000135292,-3.61E-10,-1.87E-07,0.142249,1211.448187,0.361485618,0.066710527,1260,0.705132144,0.000236095,-1.01E-05
4,210412_MAPI_Devices,JV_PL_DF_MAPI_1sun_45C_50RH_air,YM7-4,EP4,TRUE,TRUE,TRUE,FALSE,45,50,21,1,1,0.000980567,2.25E+17,4.49E+16,0.029426042,8.17048E+15,1.95E+17,9.77E+16,8.785186781,430.7874888,7.759409528,136.6759426,0.718360521,120,1.154750139,3.51567E+14,7.78952E+14,0.605462182,-7.119505421,0.404761905,-5.134788788,-0.000658391,-0.007335221,1.401099316,1.198412698,0.918043268,-2.40E-06,6.20E-05,65531.3429,56230,37641.71818,6.304030035,49.46374951,0.020518815,0.75,0.015389111,0.023101143,0.985817,-1.97E-05,0.000595238,-3.75E-06,-2.14E-05,0.000112774,2.25E-07,-7.14E-06,9.60E-09,4.60E-07,3.54E-06,7.23E-06,0.000995858,0.016817735,-2.06E-05,0.000133971,0.000183975,-2.04E-05,0.000129185,0.000539236,4.25E-07,5.54E-07,-1.14E-05,4.27E-07,1.91E-06,-1.46E-05,0.001037791,9.06E-05,2550,,2205,2550,,2205,0.015019726,-0.00232115,-0.002559306,-0.000790914,0.018241231,0.00054359,-0.002217984,-0.007782116,-0.00733579,-0.007583072,2.47364E+13,-0.010789573,-0.003542306,-0.000991007,-0.000358495,0.000141978,5.41E-05,0.000210804,-0.000491858,0.000121773,-8.09E-05,0.00072331,0.000758705,0.000798731,0.000814104,-4.17E-06,0.000345311,9.43E-05,930,2205,120,0.574407856,-1.62E-05,1.79E-06,0.368952697,100000,0.90531786,0.010871192,0.014064514,1995,0.447773672,406.332648,0.211240055,3454.634542,0.002803553,0.985158957,0.004673654,0.005568304,2580,-1.11E-17,8.17E-14,-2.51E-10,3.90E-07,-0.000324626,0.949098969,0.972491045,0.005583898,0.007581022,2580,0.886259666,0.750214108,0.005,99.50807961,2823.740376,4001.586086,0.942032712,0.008909061,0.011004801,3540,2010,1725,41.87259139,127141.9254,1.450009732,1.90E-05,1.21E-05,19.41211264,187382.8769,5.123897874,2.02E-05,-0.023014191,61.28470404,60240.95148,3.673888142,1.25E-06,-0.023026276,-0.070686524,3336.647052,-0.010141601,-2.06E-07,2.07E-05,-0.095393631,-717.449824,-0.014171195,-4.46E-08,2.03E-05,0.01333786,-1160.366929,-0.00054369,-8.32E-09,-4.25E-07,0.024819789,-133.7161194,-0.000921654,-4.81E-09,-4.56E-07,0.590070894,2.376651171,0.150746262,0.053638399,1545,0.675746432,0.000431246,-1.57E-05
5,210412_MAPI_Devices,JV_PL_DF_MAPI_1sun_25C_40RH_air_bad_DF,YM7-11,EP4,TRUE,TRUE,FALSE,FALSE,25,40,21,1,1,0.002145619,1.54E+18,9.20E+16,0.028312687,4.93E+16,1.48E+18,1.53E+17,5.856923457,71.44780431,2.105050891,9.479718616,0.743669577,120,1.174993537,2.84608E+15,4.8501E+15,0.741144507,-1.881308265,-1.857142857,-0.431938657,0.004375643,0.166773245,0.103068595,0.114285714,0.01022258,-0.000401422,-0.010778769,18518.52694,18300,800.3613857,2.127941939,29.30441949,0.018300558,0.7,0.012810391,0.022965903,0.99381459,4.63E-06,6.55E-05,4.52E-06,-1.16E-05,-1.18E-05,-8.16E-07,2.26E-05,-1.35E-07,3.73E-07,-9.20E-07,1.02E-05,0.006018442,0.034050478,-1.04E-05,6.97E-05,0.000703514,-1.04E-05,6.55E-05,0.000592851,4.65E-07,1.88E-07,-1.96E-05,4.68E-07,-9.82E-06,-2.20E-05,-0.000224024,0.000144998,1380,,2550,1380,,2325,0.001691299,-0.003714859,-0.003942879,-0.002335372,0.001460008,-0.000817841,0.000410895,0.00557137,0.00998978,0.017640224,2.73867E+14,-0.006837997,-0.002503325,0.001253288,0.000302301,9.83E-05,8.18E-06,-0.000208474,0.000304152,0.000239848,5.20E-05,0.000214485,0.000183429,0.000341365,0.010180062,0.00056675,-0.000166463,-0.000288569,2280,,240,0.043219495,-1.92E-05,3.12E-07,0.618163886,10265.81586,0.99317003,0.005209164,0.005968143,1380,0.635403412,1425.657546,0.332274576,3053.412847,0.001628393,0.998041671,0.002461736,0.003195749,1395,-9.54E-17,5.12E-13,-1.04E-09,9.98E-07,-0.000565636,0.989738545,0.998900833,0.001791042,0.002394206,1380,0.891550405,0.673048249,1.00E-10,221.6136513,2003.160269,3000,0.996511897,0.002502862,0.004265054,1380,945,2190,57.73437264,39871.25728,0.814782367,9.10E-05,0.000406684,54.75038369,3152.081909,7.382616374,0.00016452,-0.023250242,112.4847563,43023.33919,6.567834007,7.35E-05,-0.022843558,-0.680789322,3874.035964,0.028637326,2.65E-06,1.20E-05,-0.212254739,-20.61427814,-0.020341753,-7.40E-07,7.96E-06,0.005020699,316.6241213,0.000392534,7.43E-08,-6.88E-07,0.028879769,20.66269005,-0.000554492,-2.50E-08,-6.14E-07,,,,,,0.561272132,0.000518201,-1.47E-05
6,210412_MAPI_Devices,JV_PL_DF_MAPI_1sun_45C_40RH_air_2,YM7-3,EP4,TRUE,TRUE,TRUE,FALSE,45,40,21,1,1,0.000889556,4.81E+17,4.39E+16,0.033432242,1.69E+16,4.73E+17,8.25E+16,-0.28069432,-0.089622928,3.714655068,19.99876496,0.70847886,120,1.152231956,4.53414E+14,1.44317E+15,0.570208982,8.220360644,4.214285714,0.540405708,-0.001564805,-0.0251939,1.120219768,0.992063492,0.226392051,-2.95E-05,-0.000466762,64183.51166,55730,36628.57532,6.435924546,49.8113956,0.020723397,0.76,0.015749781,0.02331406,0.98027311,-1.21E-05,0.00035119,-2.33E-06,-1.29E-05,7.77E-05,9.59E-08,-1.98E-06,2.61E-08,9.88E-08,6.43E-07,6.50E-06,0.000763661,0.001947749,-1.24E-05,0.000105985,0.000393988,-1.23E-05,0.000116093,0.000329369,1.13E-07,-7.40E-07,1.04E-06,1.15E-07,1.59E-07,-1.25E-07,0.00177216,4.70E-05,2865,,2400,2865,,2400,0.006846314,-0.003193186,-0.003634836,-0.004363293,0.006861684,0.001462776,-0.001422635,-0.026895742,-1.207105632,-0.007452158,1.64635E+14,-0.008769296,-0.005230187,-0.000564424,-0.000101934,0.000163082,9.96E-05,2.99E-05,-0.000110662,7.96E-05,-0.000188488,-0.000954945,-0.046010844,-0.000228194,-0.000509212,-0.000387625,7.74E-05,1.13E-05,1140,2310,345,0.570685124,-6.50E-05,-6.49E-06,0.419547334,100000,0.828660607,0.013712812,0.019459615,1380,0.692665564,327.1509506,0.154812786,3441.514191,0.003460206,0.989692875,0.004178565,0.004772813,2865,-1.06E-17,7.52E-14,-2.24E-10,3.56E-07,-0.000310685,0.97598752,0.985927705,0.004660681,0.005576839,2850,0.907332066,0.778498843,1.28E-05,186.9500141,3078.795938,4338.475727,0.873718252,0.01221969,0.016706132,1380,2580,2265,29.30730636,6905767.601,1.109184971,3.48E-05,3.93E-05,0.309252084,7053488.717,5.709861097,4.47E-05,-0.023190304,29.61655844,147721.1156,4.600676126,9.86E-06,-0.023151009,0.044502991,-77110.43466,-0.015304083,-4.14E-07,1.28E-05,-0.049805129,-104.9712766,-0.010621531,-1.18E-07,1.24E-05,0.000297681,-416.452323,0.00012634,9.18E-09,-1.22E-07,0.006776079,-20.6311247,-0.000320282,-3.36E-09,-1.13E-07,0.931355953,69.01531039,0.077838508,0.002359335,1590,0.689143291,0.000239612,-2.07E-06
7,210412_MAPI_Devices,JV_PL_DF_MAPI_1sun_25C_30RH_air,YM7-5,EP4,TRUE,TRUE,TRUE,FALSE,25,30,21,1,1,0.00172283,1.08E+18,5.89E+16,0.023054393,1.78E+16,1.05E+18,1.79E+17,1.63367344,6.133095142,3.184489483,15.68201537,0.291927083,120,1.169320082,-5.21812E+14,1.36119E+15,0.577797544,-13.24472302,-10.5,-11.30148457,-0.000196294,-0.001258281,1.237605062,1.026984127,0.906341451,-2.57E-05,-0.000831363,62115.09654,54590,34094.15738,7.430072084,69.801197,0.020666628,0.7,0.01446664,0.022971172,1.0046115,-1.54E-05,0.000505952,-1.27E-06,-1.25E-05,-3.02E-05,4.67E-07,-3.53E-05,-3.78E-07,3.10E-07,-4.32E-06,1.39E-05,0.005807624,0.045338581,-1.09E-05,5.48E-05,-0.0002299,-1.09E-05,2.34E-05,0.000150261,2.73E-07,-7.03E-06,-8.33E-06,2.75E-07,-2.53E-06,-1.04E-05,-0.002708141,0.000192978,5640,,5685,5640,,4410,-0.000237937,-0.004949828,-0.003208738,-0.003343893,-0.000138335,-0.002911465,0.001123099,-0.001518069,-0.010320687,0.000328886,-1.63186E+13,-0.0051816,-0.003770624,-0.000767873,0.000466517,0.000246019,0.000112679,0.000199771,0.000473738,0.000254308,-0.000150563,-0.001200237,-0.00275768,-0.000373775,7.79E-06,0.000442966,6.74E-05,-0.000229189,3300,,300,0.548886813,-6.68E-05,3.75E-06,0.431856115,100000,0.925716615,0.011176696,0.013782703,5595,0.431861928,1483.756872,0.252497851,9249.895543,0.000836327,0.986043841,0.004627431,0.005974086,5805,-3.58E-19,6.22E-15,-4.06E-11,1.22E-07,-0.00018788,0.952236246,0.98048489,0.005596,0.00706438,5955,0.871934415,0.722965823,0.005,324.3105868,6874.635005,8416.89886,0.973822415,0.006640808,0.008181884,5700,3135,4155,13.44370452,2941.806058,0.650901791,6.98E-08,3.09E-05,109.3134909,10950.53724,3.065387187,7.19E-08,-0.022866418,95.86978635,8008.731184,2.414485397,2.17E-09,-0.022897354,-0.728889669,141.3451191,0.023672821,1.80E-07,1.22E-05,-0.11284196,-1.497765279,-0.002007836,-1.38E-11,1.13E-05,0.021995083,10.34016858,-0.000428014,3.64E-09,-3.28E-07,0.000607184,0.545130861,0.000203563,1.50E-12,-2.61E-07,,,,,,0.626882832,0.000327196,-2.25E-05
8,210412_MAPI_Devices,JV_PL_DF_MAPI_1sun_25C_70RH_air,YM12-2,EP4,TRUE,TRUE,TRUE,FALSE,25,70,21,1,1,0.002817976,3.42E+18,1.17E+17,0.028363929,5.61E+16,3.40E+18,3.31E+17,5.488236009,43.93940868,0.404906363,1.427029388,0.829726801,120,1.182040527,4.81058E+15,5.09199E+15,0.26286115,66.0767672,64.66666667,57.54217567,-0.006030826,-0.037125439,-1.263219823,-0.838095238,2.826210974,0.000320113,0.006263291,67411.76996,58290,40859.05304,6.904101364,59.07382269,0.01909083,0.76,0.014509031,0.0216974,0.97230132,-1.27E-05,0.00039881,-2.52E-06,-1.40E-05,0.000250113,-5.88E-08,-2.78E-06,-1.05E-07,4.19E-07,-5.88E-06,4.00E-07,0.009634973,0.019043459,-1.53E-05,0.000226669,0.000206426,-1.54E-05,0.000149629,-2.76E-05,3.99E-07,2.18E-06,-5.38E-06,4.02E-07,9.35E-07,1.94E-06,0.001096015,1.48E-05,900,,1020,900,,1020,0.007147523,-0.002011469,-0.004153521,0.031290185,0.007187866,0.000786326,-0.005001494,-0.000810226,-0.003916426,0.142363149,1.71E+16,-0.004810948,0.02238158,0.003218324,-1.10E-05,0.000332281,0.000290349,-0.000132169,-1.12E-05,8.73E-05,0.000239782,0.000176167,0.000238524,-0.010034749,-0.018309812,0.000687366,4.92E-05,-0.000249915,1020,1125,210,0.60611156,0.000251222,5.09E-05,0.660641057,5906.412687,0.982648561,0.007194543,0.009173364,900,0.705190041,862.1935081,0.352621321,1234.985221,0.009585493,0.996392442,0.00311561,0.004182805,900,4.69E-17,-4.75E-13,3.39E-10,3.11E-07,-0.000499327,0.981465053,0.996885921,0.002210357,0.003886205,900,0.887344974,0.525220818,0.000107164,199.3689422,1992.706658,3000,0.981436674,0.007224081,0.009488308,885,675,960,0.499389997,17138.36833,0.322747997,4.69E-07,1.55E-05,38.01503153,40203.63442,3.454315288,3.44E-07,-0.021614983,38.51442153,23065.26609,3.777063285,8.13E-07,-0.02163051,-0.182109119,1509.13206,0.002257442,1.12E-09,1.55E-05,-0.238477835,1053.073306,0.008105201,3.19E-08,1.57E-05,0.002053519,-150.0407015,8.73E-05,4.07E-11,-3.85E-07,0.006647228,-3.318910284,-0.000292407,-1.14E-09,-4.08E-07,2.973275636,2.701539114,1.526603915,0.321451758,1035,0.687748785,0.000166831,-1.45E-05
9,210412_MAPI_Devices,JV_PL_DF_MAPI_1sun_45C_70RH_air,YM12-8,EP4,TRUE,TRUE,TRUE,FALSE,45,70,21,1,1,0.001172826,7.74E+17,6.80E+16,0.038433713,3.01E+16,7.63E+17,1.34E+17,-0.392527897,-1.388009263,0.330363182,-0.342942929,0.74983724,120,1.15937868,2.71972E+15,2.49116E+15,0.840891856,-1.524417384,3.05E-13,-3.606445198,-0.000552862,-0.005927396,1.121650623,1.003174603,0.608387507,-2.00E-05,-0.000270559,70615.86466,60740,42386.58245,6.208920418,46.60313968,0.018370117,0.72,0.013226484,0.021304455,0.94757511,2.73E-06,0.000678571,1.47E-05,-5.10E-06,0.000266315,-2.62E-07,-1.35E-05,-4.42E-07,1.14E-07,-8.73E-06,1.65E-06,0.015375401,0.016013758,-4.40E-06,0.000171684,0.000613605,-4.40E-06,0.000127085,0.000532317,1.02E-07,9.42E-07,-2.04E-05,1.01E-07,1.44E-06,-2.04E-05,0.002483126,7.92E-05,1725,,1635,1725,,1455,0.006282314,-0.001289911,-0.002397414,0.002066601,0.006243433,0.005876036,-0.003641792,-0.004904349,0.001842404,0.02962148,-1.42E+16,-0.01255148,0.001399066,-0.001056501,1.13E-05,0.000337341,0.000302638,0.000244912,2.69E-06,0.000341661,0.000545485,-0.000182617,-7.67E-06,0.000784121,-0.003907024,0.001338905,0.00024126,-1.05E-05,1290,2010,1020,0.60024164,-3.80E-05,-8.64E-07,1,7825.475944,0.894549625,0.015111333,0.021165561,900,0.708833079,5024.411248,0.34798762,2041.708082,0.004595527,0.996998815,0.002919059,0.00357069,1725,-1.50E-16,6.03E-13,-9.20E-10,6.32E-07,-0.000263486,0.996531465,0.998491652,0.002055512,0.002531375,1725,0.837299443,0.608634617,0.005,1526.270214,2012.580507,3000,0.985584429,0.006484969,0.007825672,1725,1620,1560,16.93112051,27410.72725,0.27755983,1.18E-06,1.34E-05,39.46931714,78968.39978,3.804819988,2.01E-06,-0.021206467,56.40043765,51557.67252,3.527260158,8.30E-07,-0.021219866,-0.169442877,759.0128076,-0.007966397,-1.69E-08,4.48E-06,-0.231310045,-564.5248287,-0.00763112,-6.99E-09,4.38E-06,0.003223504,-108.5387874,0.000176277,8.53E-10,-1.08E-07,0.002893955,-64.61683268,0.000166222,4.12E-10,-1.16E-07,1.880566945,0.960242766,0.10061043,0.063498053,1425,0.655179556,0.000701312,-1.93E-05
10,210412_MAPI_Devices,JV_PL_DF_MAPI_1sun_35C_60RH_air,YM14-10,EP4,TRUE,TRUE,TRUE,FALSE,35,60,21,1,1,0.001571269,9.37E+17,5.68E+16,0.025555924,1.60E+16,9.25E+17,1.42E+17,-0.454132777,0.071058256,2.797365939,40.7241186,0.606744026,120,1.166939529,-1.67788E+14,1.43242E+15,0.504519904,-13.45575338,-9.595238095,-5.826453296,0.000164687,0.0044491,2.104434059,2.001587302,0.701680839,-3.53E-05,-0.000587725,113752.0851,106430,38489.45125,4.973345592,37.41953385,0.020429063,0.79,0.01613896,0.022608177,1.0109167,-7.13E-06,0.00060119,6.24E-06,-8.46E-06,0.00024634,1.29E-07,-3.57E-06,2.80E-08,3.06E-07,3.83E-06,4.27E-06,0.007223255,0.001713106,-8.31E-06,7.88E-05,0.000626589,-8.30E-06,4.95E-05,0.000402981,3.01E-07,6.61E-06,-1.35E-05,3.03E-07,6.57E-06,-9.69E-06,0.005808241,0.000117274,1290,,1065,1290,,855,0.014744136,-0.001532511,-0.004015618,0.004798116,0.01485694,0.007596945,-0.003669044,-0.006101892,-0.168917869,-0.005555527,3.39382E+14,0.077686757,0.001896037,0.001357047,1.27E-05,0.000247481,0.000159766,0.000122117,1.03E-05,0.000121762,0.000344787,-0.000165516,0.01712913,0.000803152,0.00079768,-0.00364779,0.000321683,-5.53E-05,1035,735,435,0.3383626,-1.14E-05,-8.87E-08,0.957461347,4811.348172,0.97950014,0.009077891,0.010908033,1320,0.629786748,10544.76695,0.630446003,1675.074113,0.002374702,0.997422738,0.003102439,0.003867678,1290,-1.83E-16,7.21E-13,-1.08E-09,7.30E-07,-0.000363901,0.989505485,0.997415407,0.00322176,0.003873175,1290,0.971911627,0.627494847,0.001346123,48.95585653,1989.208955,3000,0.990930062,0.005665357,0.007255597,1305,1050,810,38.53990574,137091.009,1.246687889,1.34E-06,3.60E-05,19.72552129,174212.844,3.960469919,1.36E-06,-0.022537038,58.26542703,37121.83497,2.71378203,1.44E-08,-0.022573079,-0.042194826,452.5525191,-0.011544602,-1.24E-08,8.33E-06,-0.379874156,160.1047098,-0.001229211,-6.98E-11,8.66E-06,0.001553341,70.57253477,0.000181314,5.96E-10,-3.01E-07,0.004491829,15.9848473,0.000174742,7.80E-12,-2.90E-07,2.015588552,5.663800152,0.285396719,0.092431907,570,0.706146217,0.000379416,-1.12E-05
11,210412_MAPI_Devices,JV_PL_DF_MAPI_1sun_45C_30RH_air,YM14-11,EP4,TRUE,TRUE,TRUE,FALSE,45,30,21,1,1,0.000765541,5.01E+17,1.09E+17,0.081383483,6.50E+16,4.96E+17,1.19E+17,-0.200739889,-1.59258368,-0.318746811,-1.662154419,0.879903341,120,1.14835057,6.47651E+15,4.9875E+15,1.709549503,43.0162671,5.547619048,11.202821,-0.009450852,-0.107224575,1.666662626,0.925396825,1.277425254,-0.000107339,-0.001762659,78848.82032,68100,50827.39428,6.429940025,51.84131307,0.01737022,0.73,0.012680261,0.021554397,0.92781933,1.14E-05,0.000869048,2.47E-05,-8.55E-06,0.000471674,-1.05E-06,-2.54E-05,-1.24E-06,4.11E-07,-4.05E-05,6.00E-07,0.005032335,0.030758822,-8.18E-06,0.000146475,0.000515873,-8.18E-06,0.000157643,0.000659974,3.74E-07,-1.71E-06,-1.04E-05,3.78E-07,-3.53E-06,-3.97E-06,0.020888115,-0.000695761,3306,,2856,3306,,1491,0.040524508,-0.004173265,-0.005879415,-0.004375806,0.040796047,0.007498438,-0.004743736,0.002679105,0.000856206,-0.006956497,-1.22E+16,-0.008419611,-0.005227866,-0.008661007,-0.001274002,0.000420169,0.000544155,0.000467613,-0.001283016,-3.01E-05,0.000558727,-0.000752526,-4.01E-07,0.000292052,-6.53E-05,0.001072475,0.000467656,0.000788519,1050,1836,1185,0.644618322,-0.00020166,2.69E-06,0.968550713,13731.1945,0.8459048,0.022609084,0.02570516,1320,0.504951669,193.2596839,0.082958468,4497.93653,0.001247012,0.997580964,0.002414247,0.003220675,3306,2.18E-19,7.05E-16,-2.49E-11,8.12E-08,-0.000114102,0.967840973,0.996679087,0.002274067,0.003773588,3306,0.945837955,0.867355983,0.000238035,59.63702107,2407.824767,8910.117366,0.995110101,0.003603924,0.004579053,3291,2961,2211,16.67172389,40611.82175,0.408632241,7.75E-07,4.15E-05,15.56149736,55096.29645,3.614601744,1.07E-06,-0.021418124,32.23322125,14484.4747,3.205969503,2.98E-07,-0.021459635,0.015034381,-680.6055953,-0.013367568,-9.90E-09,8.17E-06,-0.068939076,4.881547005,-0.011594281,-3.21E-09,8.33E-06,0.000622393,21.33550086,0.000109761,4.60E-10,-3.76E-07,0.002886996,2.425411141,-1.54E-05,5.75E-11,-3.86E-07,0.888109432,1.609005774,0.266018269,0.08015067,1761,0.634057862,0.001163975,-4.57E-05
12,210412_MAPI_Devices,JV_PL_DF_MAPI_1sun_35C_70RH_air,YM14-14,EP4,TRUE,TRUE,TRUE,FALSE,35,70,21,1,1,0.00129095,1.01E+18,5.05E+16,0.02975322,1.61E+16,1.00E+18,1.19E+17,-0.366030042,-1.618065409,-0.234076803,-1.367687369,0.857553998,120,1.161859495,6.07592E+14,5.97484E+14,0.525626406,33.60235155,13.28571429,22.52150956,-0.004903019,-0.060909188,0.434706694,0.231746032,0.412618527,-4.56E-06,-8.63E-05,74126.19709,64610,44691.10001,6.49461458,51.11126589,0.016794703,0.77,0.012931922,0.02133425,0.96419738,1.95E-05,0.000369048,2.21E-05,-4.20E-06,0.000275382,-1.47E-06,-7.14E-06,-1.26E-06,7.71E-08,-1.95E-05,2.60E-06,0.006663946,0.040888986,-3.78E-06,7.22E-06,0.0003596,-3.77E-06,9.80E-05,0.00059243,6.99E-08,1.44E-06,-1.25E-05,7.12E-08,-1.18E-05,-4.02E-05,0.005969967,-0.00022165,2758,2773,2535,2758,2758,2370,0.00974431,0.000806301,-0.001771771,0.004585303,0.009793546,0.005218232,-0.005100159,0.000580505,6.89E-05,0.002045506,-7.17987E+15,-0.025680741,0.009482829,0.000149645,-0.000402819,5.54E-05,0.000135164,-0.000123295,-0.00040638,-0.000112834,0.000503249,-0.000175485,3.97E-06,-0.000270751,-4.10E-05,0.00168791,-0.000305853,1.07E-05,765,2535,1875,0.602905609,3.01E-05,2.01E-06,0.54189941,100000,0.896551092,0.00800892,0.009269261,1320,1,320.8790086,0.085441109,3529.886861,0.002581654,0.996811676,0.001360476,0.001627284,3306,-1.08E-17,7.64E-14,-2.26E-10,3.36E-07,-0.000259129,1.000738484,0.997677012,0.001159926,0.001389011,3306,0.938266886,0.872054719,4.04E-06,351.9640457,2630.229192,3889.99436,0.947493374,0.005261375,0.006603729,3291,2758,2535,42.25468572,180916.3615,1.228552129,1.65E-06,0.00011096,12.60129467,191398.6238,4.036616951,1.68E-06,-0.021247695,54.85598038,10482.2623,2.808064821,3.17E-08,-0.021358655,0.026590517,986.421641,-0.008842053,-1.40E-08,3.79E-06,-0.102180761,229.4921649,-0.005961895,-2.40E-10,4.44E-06,-0.00075668,-152.9385169,0.000221948,7.64E-10,-7.11E-08,0.000569511,-15.29925279,0.000245815,2.21E-11,-1.30E-07,2.84187621,13.6053669,0.643609433,0.030740249,2535,0.628665655,0.001010505,-4.99E-05
13,210412_MAPI_Devices,JV_PL_DF_MAPI_1sun_35C_70RH_air_2,YM14-5,EP4,TRUE,TRUE,TRUE,FALSE,35,70,21,1,1,0.001669975,7.13E+17,6.48E+16,0.025285502,1.59E+16,7.01E+17,1.34E+17,-0.266462681,-1.282462956,0.07579065,-0.026089523,0.306039663,120,1.16851455,-1.62947E+15,1.78605E+15,0.766408529,10.9464083,0.047619048,1.692328498,-0.005173322,-0.069391752,1.927378746,1.501587302,1.008886169,-6.41E-05,-0.000813179,70038.97599,63920,31282.85649,7.183748283,62.2643394,0.019824217,0.76,0.015066405,0.022233828,0.99186092,-4.00E-06,0.00060119,8.64E-06,-8.32E-06,0.000192745,1.40E-07,-3.57E-06,3.61E-08,4.52E-07,8.43E-07,4.60E-06,0.009759397,0.013392483,-7.86E-06,8.99E-05,0.000556671,-7.85E-06,2.23E-05,0.00061414,4.24E-07,1.40E-06,-1.40E-05,4.24E-07,2.64E-06,-1.26E-05,0.005917107,8.02E-05,3225,4140,2820,3225,705,2460,0.019891355,-0.001116536,-0.003811598,0.00429158,0.020259214,0.005373288,-0.001279756,0.001443883,0.002936769,-0.015262675,-5.44E+17,0.001382543,-0.000115387,-0.001117591,-9.79E-05,0.00016945,0.000106432,7.80E-05,-9.92E-05,-3.56E-05,5.63E-05,7.14E-05,-0.00010055,0.000967582,-0.038841726,0.000142099,0.00022079,6.81E-05,705,2700,1110,0.446649256,-4.50E-05,2.22E-06,0.723484948,25391.79183,0.831071323,0.018140435,0.022534396,1320,0.373679353,13449.9976,0.300918456,3901.144953,0.00233959,0.998817541,0.001384141,0.00188533,3225,-6.01E-18,4.79E-14,-1.51E-10,2.28E-07,-0.000188785,0.975350508,0.998275148,0.00145068,0.002277037,3225,0.960826852,0.763695618,3.42E-05,31.15562043,3757.088434,1795.721157,0.892203191,0.013569149,0.018001023,3291,2985,2520,55.48132088,22539.41829,1.197711203,1.08E-06,1.33E-05,27.72048371,15974.42135,3.808263374,1.09E-06,-0.022187425,83.20180459,38513.83964,2.610552171,9.53E-09,-0.022200692,-0.103041883,3823.46172,-0.007397042,-1.07E-08,8.26E-06,-0.488021992,61.94414929,-0.002344545,-8.39E-11,8.17E-06,0.003899938,0.113424235,9.33E-05,3.66E-10,-4.30E-07,0.010749624,-11.70258135,-7.44E-05,-2.25E-12,-4.41E-07,2.116918001,6.583237748,0.146410406,0.320044679,1290,0.683194876,0.00053443,-1.31E-05
14,210412_MAPI_Devices,JV_PL_DF_MAPI_1sun_35C_30RH_air,YM15-1,EP4,TRUE,TRUE,FALSE,FALSE,35,30,21,1,1,0.003707643,3.51E+18,1.22E+17,0.026728878,6.40E+16,3.50E+18,2.65E+17,-0.618847629,-1.515752349,-0.355775298,-1.072401114,0.026313308,120,1.189133707,-6.0225E+15,4.24156E+15,0.68522366,25.05375985,14.80952381,7.147897693,-0.002280312,-0.033747139,4.909332207,4.019047619,3.261151509,-5.54E-05,-0.001539718,63411.23027,56460,31021.92642,6.958389573,61.92974632,0.020166667,0.8,0.016133333,0.021333333,1.07,-9.62E-06,0.000553571,2.79E-06,-5.49E-06,-0.00028451,5.76E-07,-2.82E-05,-8.66E-08,2.68E-07,2.57E-05,0,0.008714711,0.000274035,-4.51E-06,-7.91E-05,0.000159517,-4.50E-06,-3.75E-05,0.000137422,1.90E-07,1.09E-05,-8.65E-06,1.89E-07,1.04E-05,-5.89E-06,0.00049237,0.000206738,6750,,5475,6750,,5325,0.001584953,-0.00415492,-0.002905204,-0.003951957,0.001591074,-0.000368959,-0.001149698,-0.001275716,0.000449624,0.00099129,-5.18248E+15,-0.004850754,-0.004984046,-0.001154481,0.000189656,0.000405857,0.000139839,0.000470232,0.0001893,0.000277537,-0.000469546,5.07E-05,-1.21E-05,-0.000218223,-0.00026257,0.000831791,0.000638159,0.000150345,3150,5610,2745,0.489218176,-7.37E-05,1.49E-05,0.762174868,46799.21158,0.889662303,0.014241728,0.018211792,1320,0.464879625,50375.91031,0.459151967,7918.760625,0.001229673,0.99200612,0.004098012,0.004901958,6735,-2.52E-19,4.06E-15,-2.41E-11,6.35E-08,-9.08E-05,0.977478105,0.997798539,0.001732428,0.002572446,6705,0.964681743,0.763443135,2.31E-05,79.5015947,7725.530992,6042.159044,0.9350151,0.009871323,0.013976452,3291,6195,4905,,,,,,,,,,,174926419.9,389915232.4,2,1.59E-15,-1.27E-07,,,,,,-1249474.103,-2784970.147,-0.00305417,-3.38E-13,-0.000147028,,,,,,138830.4571,309439.0282,-7.13E-05,-5.91E-14,1.66E-05,7.29E-07,,2.26E-05,,4920,0.706775701,0.000521153,-3.08E-05
15,210412_MAPI_Devices,JV_PL_DF_MAPI_1sun_65C_40RH_air,YM15-3,EP4,TRUE,TRUE,TRUE,FALSE,65,40,21,1,1,0.001819464,1.46E+18,5.74E+16,0.02561566,1.83E+16,1.44E+18,1.76E+17,-0.567365137,-1.480611101,-0.39440886,-1.259394793,0.370102784,120,1.170730925,-1.38478E+14,6.76081E+14,0.478354188,119.6320466,-1.214285714,60.77041277,-0.019961521,-0.221553164,-1.501247222,-0.325396825,0.462929764,0.000112246,0.001222385,69998.57324,58730,49141.1188,6.621737393,52.06286218,0.020310598,0.8,0.016248479,0.021819248,1.0108109,-1.26E-05,0.000559524,3.91E-07,-9.63E-06,7.43E-05,6.06E-07,-2.22E-05,4.73E-08,3.54E-07,6.37E-06,1.63E-06,0.000907365,0.01766285,-9.34E-06,0.000119323,0.000148833,-9.33E-06,9.61E-05,0.000250337,3.41E-07,3.10E-06,-8.59E-06,3.42E-07,3.12E-06,-1.10E-05,0.002876655,0.000106323,3705,,2760,3705,,2760,0.005085671,0.004958332,0.002107526,0.013007413,0.005125438,0.002661894,-0.005216633,-0.00148769,0.000779662,-0.024039012,-5.87648E+15,0.267329434,0.030153196,0.001893696,7.40E-05,0.000346459,0.000247778,0.000349215,7.29E-05,0.000143412,-0.000416026,-3.13E-05,-5.43E-06,-0.001975639,-0.012248952,0.007019726,0.00040777,-3.62E-05,2010,2925,840,0.702030292,-0.000276818,2.05E-05,0.652965248,27162.13202,0.962906928,0.008530456,0.011863014,1320,0.451368601,15019.4991,0.375240284,5881.482292,0.000758436,0.993955746,0.003460201,0.004788726,3645,-3.35E-18,3.20E-14,-1.12E-10,1.78E-07,-0.000173737,0.971261209,0.997042755,0.002449649,0.003349595,3675,0.942038291,0.729602726,0.999991452,91.81791037,4118.314189,4000.54261,0.989168707,0.003863124,0.006410454,3735,2850,2400,9.255472323,20896.62546,0.290016035,2.08E-10,3.00E-05,31.47425857,40451.53144,1.877628213,2.16E-10,-0.021783152,40.72973089,19554.90598,1.587612178,7.42E-12,-0.021813189,-0.014356919,189.9290234,-0.00316721,-1.58E-12,9.44E-06,-0.058721872,236.9653767,-0.000721259,-5.50E-14,9.56E-06,0.000346901,9.092701133,0.000179306,1.59E-13,-3.37E-07,0.002574562,-24.41089806,1.29E-05,1.21E-15,-3.66E-07,1.247670149,1.444985864,0.423822041,0.281645888,2310,0.736720921,0.00030508,-1.47E-05
16,210412_MAPI_Devices,JV_PL_DF_MAPI_1sun_85C_40RH_air,YM15-10,EP4,TRUE,TRUE,TRUE,FALSE,85,40,21,1,1,0.000929565,8.54E+17,4.31E+16,0.042072232,1.73E+16,8.52E+17,6.35E+16,-0.594908362,-1.560737616,-0.433182503,-1.462605829,0.805788668,120,1.153369276,9.84547E+14,8.62838E+14,0.506376697,408.6006251,23.3452381,402.5909221,-0.043840487,-0.417702886,-3.238394228,-0.307142857,0.839228463,0.001041766,0.011722409,70607.63011,61550,40289.96986,6.383747489,48.2232708,0.01943143,0.8,0.015545144,0.021033153,0.9737978,-2.64E-05,-3.57E-05,-2.19E-05,-1.25E-05,-7.20E-05,1.83E-07,-1.43E-05,-1.19E-07,2.82E-07,9.78E-06,1.04E-05,0.011694572,0.018888503,-1.21E-05,-1.09E-05,-0.000258535,-1.19E-05,-5.60E-06,-0.000778178,2.19E-07,3.15E-06,-3.02E-06,2.23E-07,-1.10E-06,-1.91E-05,0.001282048,0.000281775,720,,285,720,,285,0.002039728,-0.005647754,-0.005555442,-0.008028325,0.002034214,-0.000272589,-0.002412986,-0.004309,0.001316772,-0.01391453,-1.19103E+15,-0.019898641,-0.014732855,-0.002658703,0.000318702,-0.000111948,-0.000180809,-0.000461196,0.000319032,0.000104078,-0.000190359,-2.89E-05,7.30E-06,-0.001011643,-0.007534874,-0.001820921,-0.001318594,-0.000388559,0,225,195,0.57061779,0.001568651,2.63E-05,0.837821146,3258.86446,0.968232706,0.011749316,0.013410528,750,1,159.6109243,0.114007144,1149.022797,0.003946624,0.996142051,0.003993027,0.004673411,720,3.90E-15,-6.21E-12,2.05E-09,7.51E-07,-0.000677827,0.993181175,0.998578916,0.00229099,0.002836388,720,0.935430636,0.387641167,0.001057255,95.80478942,1956.578545,3000,0.982554471,0.008400452,0.009937973,735,600,210,2.626145849,306019.4604,0.549069567,1.17E-08,1.17E-05,12.47072435,145128.0247,1.609455181,6.93E-11,-0.02090458,9.844578504,451147.4851,2.158524748,1.18E-08,-0.020892832,-0.003919367,-1143.041102,-0.000326986,-2.26E-13,1.20E-05,0.007911618,-3186.696812,-0.002113674,-7.94E-11,1.18E-05,0.000302987,54.77904289,6.48E-05,3.50E-14,-2.19E-07,-0.002588117,336.4067335,0.000489485,9.51E-12,-2.16E-07,1.246344841,1.015491347,0.017971315,0.114093848,90,0.758964692,-0.000601791,-2.49E-05
17,210412_MAPI_Devices,JV_PL_DF_MAPI_1sun_75C_40RH_air,YM15-4,EP4,TRUE,TRUE,FALSE,FALSE,75,40,21,1,1,0.00166685,1.66E+18,6.36E+16,0.035817996,3.13E+16,1.65E+18,1.54E+17,-0.525396489,-1.563296255,-0.397079976,-1.358991658,0.782143197,120,1.168466122,1.626E+15,1.48506E+15,0.577585381,388.6077956,207.8095238,251.3402139,-0.027691462,-0.321712003,-3.423981074,-1.761904762,-4.996357752,0.000250378,0.004235386,52652.11438,42020,32400.59979,5.797313049,44.77387224,0.019245292,0.8,0.015396233,0.02119006,0.99677062,-7.91E-06,0.000470238,2.32E-06,-4.62E-06,1.20E-05,-4.01E-08,-2.18E-05,-4.54E-07,5.51E-08,3.43E-06,2.23E-06,0.00235288,0.022686394,-4.53E-06,1.41E-05,1.10E-05,-4.56E-06,3.75E-06,-3.04E-05,6.19E-08,5.61E-06,-8.75E-07,6.21E-08,6.82E-06,-2.21E-06,0.002086577,0.000127436,2550,,1815,2550,,1665,0.002459661,-0.004789772,-0.004177398,-0.005771491,0.002459438,0.001627383,-0.000790466,-0.001439904,0.0005212,-0.249979742,-3.00704E+15,-0.015656876,-0.010127796,-0.002575395,0.000147332,5.81E-05,0.000152443,-8.37E-05,0.000149139,1.03E-05,-1.68E-05,1.08E-05,-3.18E-06,-0.014411752,-0.253316666,-0.000942409,-0.000575119,-0.000228453,1275,1650,1170,0.615371295,0.000260784,-2.08E-05,0.951535614,11856.92618,0.896913874,0.015019304,0.019471597,750,0.62954257,16748.54898,0.601641477,2770.955629,0.005209639,0.998035795,0.002274539,0.002687787,2550,-3.13E-17,1.90E-13,-4.32E-10,4.57E-07,-0.000275152,1.001531649,0.999010954,0.001598428,0.001907259,2550,0.976190377,0.75910108,0.999979462,94.38456831,2988.770778,195.047594,0.916065637,0.012253336,0.017569984,735,2385,1575,1.243361058,12104.26196,0.015979957,1.28E-13,8.89E-06,20.62943906,30199.86869,1.380120364,6.79E-13,-0.021179424,21.87280011,18095.60673,1.364140407,5.51E-13,-0.021188313,0.00367325,-29.63738894,-0.000325749,-3.31E-15,4.52E-06,0.005921566,-24.76611903,-0.000320588,-4.69E-15,4.53E-06,-0.00051513,-2.719647832,2.80E-05,6.11E-17,-6.24E-08,-9.36E-07,-2.658333707,-4.88E-05,-8.48E-16,-6.55E-08,1.388496234,1.359736587,0.448312528,0.359507299,1305,0.728932089,0.00026786,-2.61E-05
18,210122_Schrodingers_Perovskite,P38_X-6_fullsuite,P38-X,EP4,TRUE,TRUE,TRUE,FALSE,25,40,21,1,1,0.00133849,1.18E+18,6.66E+16,0.03184676,7.44E+16,1.12E+18,2.04E+17,6.11505791,84.5483826,12.14300257,192.0718411,0.123016357,16,1.162794393,-2.40651E+15,5.40184E+15,0.805125345,52.09813472,51.78571429,-2.34261078,-0.002326588,-0.019306777,-1.35741806,-4.464285714,1.071248346,-4.51E-05,0.000537089,100050.236,90030,45526.18002,5.63641509,42.48095848,0.021221692,0.74,0.015704052,0.024276632,1.0361218,-4.20E-05,0.000401786,-2.21E-05,-2.16E-05,-0.000149216,-2.62E-06,0.001183036,2.32E-05,6.68E-07,0.00025149,2.01E-05,0.089081175,0.017705443,-2.61E-06,0.000499495,0.003913381,-1.43E-06,0.001222439,0.002067918,-8.57E-06,-0.000110685,-0.000166035,-8.88E-06,-0.000137108,-0.000353262,-0.001101763,0.004319508,232,,232,232,,232,-0.001913547,-0.018646424,-0.021367662,-0.016512876,-0.000257511,-0.009113078,-0.005423192,-0.022728073,-0.044871295,-0.016785812,-1.17465E+13,0.003792822,-0.016786149,0.017948733,0.005672144,0.007917749,0.004190858,0.007782392,0.005583375,0.004448826,-0.00230593,0.00019846,0.001790129,0.000120978,0.000283125,0.011751327,0.00740538,-0.000304845,0,768,94,0.45503321,-0.000259286,1.71E-05,1,832.3422327,0.990319694,0.007366386,0.008636602,240,1,832.3424223,1,2679.133786,0.027276098,0.990319694,0.007366382,0.008636602,240,7.04E-13,-4.67E-10,1.09E-07,-1.06E-05,-0.000670931,0.998568082,0.997362764,0.003449345,0.004507886,232,0.709840699,0.588622863,1.00E-10,271.8319963,1999.996261,3000,0.99665861,0.004049119,0.005074135,236,184,176,49.02827077,94070.31979,0.25174869,8.98E-05,1.92E-05,0.040192922,7462.605009,7.467439603,0.000127631,-0.022443849,49.06846369,101532.9248,7.719188293,0.000217473,-0.022463009,-0.110848177,8700.615587,0.04018066,2.06E-06,8.39E-07,-2.849883336,9500.763202,0.093004313,1.28E-05,-1.35E-05,-0.161291233,-141.2885126,0.018163881,1.43E-06,7.56E-06,0.069353143,-9836.928888,0.009379398,2.04E-06,6.46E-06,2.007506794,112.5847757,0.071083584,0.510106142,766,0.624327521,-0.00024591,0.000759955
19,210122_Schrodingers_Perovskite,P38-3-8_unsteady_bias_and_light,P38-3,EP4,FALSE,FALSE,FALSE,FALSE,25,40,21,1,1,0.004718172,1.02E+19,2.07E+17,0.037130151,2.30E+17,1.01E+19,9.40E+17,3.34358895,10.70270663,2.527809603,11.83195223,0.459430638,16,1.195364664,-7.38687E+15,1.87E+16,-3.057314941,-471.7550513,-194.4642857,-429.3415247,0.002842169,-0.005646258,63.01977011,30.98214286,52.10599043,0.00126282,0.007823517,23894.93497,19330,7288.506695,1.179842199,0.420304289,0.01638445,0.7,0.011469115,0.021567555,1.0248208,0.000185689,0.003660714,0.000200203,3.19E-05,0.00018223,-6.30E-05,-0.000267857,-4.86E-05,-1.72E-05,-0.000380765,7.10E-06,0.005966271,0.062505025,1.01E-05,-0.000366694,0.008359335,9.58E-06,0.000273389,0.006240859,-7.70E-06,0.000138739,-0.001722134,-7.47E-06,-9.03E-05,-0.001596212,0.017420341,-0.013644472,,,,,,,0.031440332,0.01121045,0.022096461,-0.024341667,0.030970687,0.013831223,-0.002349918,0.045192129,0.089774776,0.005909271,2.70E+16,-0.048793074,-0.045304707,0.339810884,-0.021792712,0.021760337,0.021492708,0.022852665,-0.02194691,-0.001972536,0.000169936,-0.015813504,-0.022594242,-0.07365159,-0.155067933,0.022892422,0.022016711,0.044314902,4,,,0.305023081,-0.016280865,0.001168946,0.999999995,99999.99918,-1.073083757,0.010318326,0.012597606,,1,6783.092409,3.47E-11,2962.335252,0.026526382,-0.918519454,0.009864126,0.012118886,,4.16E-13,-2.99E-10,7.82E-08,-9.02E-06,0.000322641,1.017452553,0.951540147,0.001035001,0.001926064,,1,0.695821265,4.37E-05,212.5671503,2759.58746,3000,-0.87660029,0.009288395,0.011985758,,,,57.76364372,13223.26922,3.310395131,0.00040162,0.000335743,31.51048066,11819.92407,9.941995763,0.000461145,-0.022234551,89.27412438,25043.19329,6.631600632,5.95E-05,-0.021898808,-0.457859476,1311.985437,-0.217683833,-2.53E-05,1.76E-05,-3.23152594,6113.949478,-0.078475347,-2.78E-06,-3.07E-06,-0.497765857,-293.2578663,0.062858727,1.07E-05,-3.64E-06,0.544604517,-31.79726054,0.03685257,1.55E-06,6.32E-06,,,,,,0.518896878,0.00795923,-0.001547023
20,210122_Schrodingers_Perovskite,W86-5-8_unsteady_bias_and_light,WDS84-5,EP4,TRUE,TRUE,TRUE,FALSE,25,40,21,1,1,0.00181967,1.46E+18,7.70E+16,0.026982382,8.05E+16,1.38E+18,2.58E+17,7.134967132,92.59676191,16.53026021,338.7331083,0.95061849,16,1.170733847,1.35171E+15,5.92033E+15,0.728659985,80.26915826,36.42857143,62.00890054,-0.000164991,-0.001897456,-7.59947035,-3.214285714,-6.717447225,0.000124203,0.000690206,24737.14296,21200,5472.460131,0.793920333,-0.976826203,0.019613763,0.78,0.015298735,0.022609638,1.0317787,3.99E-05,-0.001473214,1.98E-06,1.72E-05,0.001747207,-6.68E-06,-0.001540179,-3.56E-05,-6.64E-06,-0.001147411,2.33E-06,0.003678118,0.005764829,4.66E-06,-0.002555318,-0.010194467,4.31E-06,-0.002316997,-0.006440087,-9.83E-06,0.000898267,-0.001240345,-9.65E-06,0.000546552,-0.001179386,0.027864829,-0.00852543,935,1339,1015,907,1239,945,0.075368387,-0.007468145,-0.03694889,0.221296344,0.081475308,0.028258584,-0.03191974,-0.015804911,-0.037325657,-0.023661324,3.24225E+14,-0.151613236,0.198925205,-0.002611112,-0.00286215,-0.001500641,0.006718011,-0.00624628,-0.003217154,-0.006796123,0.033010961,0.020197922,0.022578946,0.006873191,0.007510148,0.1561983,-0.007451453,-0.007438355,781,1225,449,0.221224421,0.0017209,-0.00020374,1,3708.496372,0.941227225,0.019125572,0.021642275,1069,1,5080.958565,0.84868721,814.8348253,0.005599887,0.986052173,0.009422942,0.010543094,959,5.16E-16,-1.41E-12,1.36E-09,-6.28E-07,-0.000112394,1.009599887,0.990095194,0.007437334,0.008884598,961,0.969505035,0.439005535,1.00E-10,245.4818077,2001.146649,3000,0.986999437,0.00867581,0.010178784,973,783,939,15.82721785,43867.29077,0.725557633,3.17E-06,1.17E-05,39.5304214,38378.67581,3.998778552,8.90E-07,-0.022455452,23.70320355,82245.96657,4.724336186,4.06E-06,-0.022443738,-0.759386462,-414.6027356,0.268468605,6.56E-06,-9.88E-06,-1.896581568,1463.618349,0.177372431,4.65E-06,-8.20E-06,-0.804232004,1182.664263,0.056610179,2.41E-06,8.37E-06,-0.333744786,7350.426603,0.061721513,2.04E-06,8.97E-06,0.016124458,0.242974434,1.045879443,14.43087776,16,0.655805961,-0.001480808,-0.000575652
21,210122_Schrodingers_Perovskite,WDS84-1-8_unsteady_bias_and_light,WDS84-1,EP4,TRUE,TRUE,TRUE,FALSE,25,40,21,1,1,0.001735975,4.33E+18,1.40E+17,0.046535659,2.90E+17,4.33E+18,1.80E+17,6.286883247,42.60801192,6.127621596,44.66740902,0.323614345,16,1.169516582,-5.53167E+15,2.07E+16,-0.350597949,8.849256206,2.142857143,7.603631314,-0.005450161,-0.113996622,-3.372098194,-0.892857143,-3.778116822,0.00127292,0.035701385,20077.76426,17430,4427.387411,1.729291153,8.999995401,0.014144118,0.7,0.009900883,0.02459702,0.93738972,0.000141389,-0.006383929,-4.88E-06,3.20E-05,0.000997411,-1.92E-05,0.002120536,1.77E-05,-5.13E-06,-0.000735881,4.40E-05,0.014815114,0.074446515,-3.53E-06,0.001836033,0.000190806,-6.27E-06,-0.000697567,0.001297038,3.55E-06,-0.002024092,0.001027984,5.07E-06,-0.000341812,-0.00017581,-0.005549305,0.010183198,972,,,930,,978,-0.020830308,-0.02651391,-0.028986724,-0.017337184,-0.0215593,-0.005036761,0.002974358,0.004414021,0.018672688,0.00227194,-2.02063E+15,-0.024339166,-0.017506747,0.086872022,0.027265494,0.02515796,0.023171985,0.019122439,0.028239097,0.00711476,-0.015010951,-0.010159622,-0.046313147,-0.034394191,-0.122036694,0.031438036,0.019416888,-0.058726524,784,,376,0.220511973,0.000279232,-0.000150747,1,3842.332453,0.976734316,0.008311475,0.010830069,1069,1,3796.500754,0.97023717,942.956669,0.025455494,0.979853097,0.008100623,0.010078072,959,1.18E-15,-3.33E-12,3.06E-09,-9.50E-07,-0.000235731,1.020062059,0.990647362,0.006085494,0.006866578,961,0.911736644,0.53602048,0.005,360.0603812,2006.414119,3000,0.978652908,0.008019913,0.010373915,973,830,,,,,,,,,,,,,,,,,,,,,,,,,,,,,,,,,,,,,,,,,4,0.429409097,-0.001182392,0.001161623
22,210122_Schrodingers_Perovskite,YM5-1-3_Full_Suite_15min_50RH,YM5-1,EP4,TRUE,TRUE,TRUE,FALSE,25,50,21,1,1,0.001257738,3.79E+17,5.56E+16,0.028789886,1.23E+16,3.51E+17,1.39E+17,1.202841296,10.33478684,9.770739018,205.7093025,0.64010028,120,1.161185707,7.89863E+14,1.77673E+15,0.430817677,-1.009016996,3.761904762,-6.272189549,-0.004173826,-0.077502114,0.186328634,0.092063492,0.152950279,6.81E-05,0.001178435,71226.17998,59870,48199.10054,6.849444712,56.71878994,0.02326215,0.7,0.016283505,0.025288682,0.9901463,-4.86E-07,0.000184524,3.96E-06,-5.80E-07,-0.000305896,-1.68E-08,8.33E-06,1.82E-07,-9.87E-08,1.95E-05,1.30E-06,0.007027657,0.000129349,-5.28E-07,-0.000321155,0.000430503,-5.02E-07,-0.000320864,0.000364227,-1.03E-07,1.76E-05,-5.35E-06,-1.03E-07,1.73E-05,-2.45E-06,-0.000574722,9.19E-05,3150,,1830,3090,,1710,0.009913642,-0.003163026,-0.002178167,0.000129632,0.010940221,0.001453946,-0.003784988,-0.005668786,-0.008302332,-0.006643643,1.82641E+13,-0.014478661,-0.004281386,0.000981434,-0.000681908,0.000414418,0.000323385,0.000267066,-0.000783866,0.000346193,0.000153414,0.000717842,0.000913448,0.000769746,0.000783491,0.00106372,0.000477462,-8.32E-05,1485,,1470,0.676704837,-7.86E-05,3.80E-07,1,10892.62711,0.920356899,0.020996017,0.02858148,3135,1,7960.620109,0.767162747,7030.080456,0.395219009,0.921045638,0.020471976,0.028457628,3150,-1.20E-18,3.57E-15,3.56E-11,-1.62E-07,8.85E-05,0.975990595,0.96236929,0.016196806,0.019646348,2880,0.934793918,0.798095436,0.312834693,1357.104231,1778.246371,14577.71081,0.992907847,0.006849047,0.008529031,3060,1755,1740,34.19103578,39798.71634,1.083649602,3.53E-06,2.23E-05,48.05752165,98866.45926,4.40131453,3.72E-06,-0.025238651,82.24855743,59067.74293,3.317664928,1.93E-07,-0.025260903,-0.240690797,181.6651698,-1.59E-05,1.52E-08,4.01E-07,-0.463070343,720.5616715,0.007926619,3.24E-08,7.28E-07,0.00195579,144.3851484,0.0001688,1.12E-09,1.37E-07,0.014412046,-64.30910554,-0.000523464,-1.18E-09,8.53E-08,,,,,3285,0.650312847,0.000388065,-3.01E-06
23,210122_Schrodingers_Perovskite,YM5-6-5_Full_Suite_15min,YM5-6,EP4,TRUE,TRUE,TRUE,FALSE,25,40,21,1,1,0.001208066,6.86E+17,5.21E+16,0.029537108,1.35E+16,6.75E+17,1.20E+17,0.010653162,8.310420655,2.904760401,180.6423846,0.884616759,120,1.160144019,1.17905E+15,1.12432E+15,0.583415702,5.66758269,4.619047619,3.394579411,-0.000608438,-0.011138546,-0.241932669,-0.244444444,0.023523601,1.17E-05,0.000186776,75563.14441,67780,39261.30361,7.059344853,59.43759036,0.02200116,0.7,0.015400812,0.024359367,0.96985184,3.43E-06,0.000434524,1.22E-05,-2.50E-06,-5.64E-05,-3.38E-07,7.54E-06,-6.66E-08,-5.22E-08,1.78E-05,1.70E-06,0.008160155,0.001259036,-2.44E-06,-5.46E-05,0.000720331,-2.42E-06,-6.85E-05,0.000545314,-4.80E-08,1.07E-05,-1.20E-05,-4.69E-08,1.19E-05,-9.63E-06,-0.000901468,4.56E-05,2100,,2100,2100,,1830,0.004587041,-0.00448296,-0.002994426,-0.003428131,0.004691296,-0.002776717,-0.005106736,0.585613632,0.012323559,-0.100998901,1.74283E+13,-0.00924593,-0.005107967,-0.000683179,-0.000157603,0.000336889,0.000272414,0.00010153,-0.000161742,6.81E-05,0.000144101,-0.001111232,4.85E-05,-0.019596131,-0.052162415,0.000647449,0.000487237,6.45E-05,1365,2940,1545,0.519582713,5.98E-06,1.97E-06,0.929195703,12670.24495,0.887714131,0.024798064,0.030813678,3315,0.999999984,4648.490823,0.485995529,7562.806809,1.742307266,0.895202687,0.023708587,0.029768439,3360,-9.50E-18,8.86E-14,-2.72E-10,3.04E-07,-0.000170096,1.000170233,0.97268424,0.012234956,0.015198042,2610,0.906376,0.762735603,0.552664955,1513.294001,2147.739639,30666.12458,0.985389364,0.009256632,0.011115156,3885,1875,2010,26.78064655,28834.70504,0.996348223,2.33E-05,1.48E-05,21.27812494,204676.5811,5.691537645,3.01E-05,-0.024362789,48.05877149,175841.8761,4.695189421,6.80E-06,-0.024348035,-0.168409705,11486.08531,-0.006085147,-1.98E-07,2.60E-06,-0.355145726,-704.2304562,0.003621628,6.32E-08,2.38E-06,0.006535453,-21.44640526,-0.000261252,-1.12E-08,5.83E-08,0.0074061,-45.41001164,-0.000154189,-3.17E-09,4.72E-08,1.528813742,0.408809958,0.020837586,0.02394386,2595,0.651886868,0.000633133,-1.37E-05
24,210122_Schrodingers_Perovskite,YM5-12-3_Full_Suite_15min_60RH,YM5-12,EP4,TRUE,TRUE,TRUE,FALSE,25,60,21,1,1,0.001182631,5.28E+17,9.24E+16,0.047662694,4.94E+16,4.48E+17,2.25E+17,10.36053149,626.2610202,0.455981457,-0.750373962,0.5700618,120,1.159593921,3.78858E+15,5.05008E+15,1.692414944,-8.595063466,-5.30952381,-0.896886988,0.00286372,0.034952628,0.76494738,0.604761905,0.392917623,-7.29E-05,-0.000932941,87205.2047,77340,45271.24045,6.118100502,48.5048507,0.02302929,0.7,0.016120503,0.025950215,0.98745147,1.06E-06,0.000416667,1.04E-05,-3.85E-06,-5.05E-05,-2.25E-07,5.56E-06,-2.68E-08,-6.99E-08,1.05E-05,1.50E-06,0.000814689,0.013031508,-5.89E-06,-0.000126013,0.000543564,-6.05E-06,-5.67E-05,0.000133833,-1.08E-07,1.66E-05,-1.93E-05,-1.09E-07,1.18E-05,-5.95E-06,0.001220046,-4.67E-05,1830,1410,1410,1830,1410,1110,0.001078481,-0.004991341,-0.005415034,-0.006166939,0.001118965,-0.000826146,-0.005382962,-0.001607201,-0.003980105,0.394123415,-7.58794E+14,-0.0096278,-0.006471314,-0.007399843,-0.000858532,0.000462884,0.00041614,0.000535773,-0.001007774,-0.000460173,-7.36E-05,0.000803574,0.000826551,0.00782683,-0.441931921,0.000770054,0.000554426,0.000895324,900,2355,1080,0.519134616,4.14E-05,-5.50E-08,1,7066.991163,0.894834644,0.025126264,0.030615832,2040,0.615493137,100000,0.786274602,1294.536373,0.004382931,0.99045063,0.007706898,0.009225652,1755,-1.66E-16,9.24E-13,-1.79E-09,1.35E-06,-0.000423118,1.011565719,0.995619046,0.004794679,0.006248763,1815,0.941275969,0.635618044,0.999135145,798.1603205,2386.094779,39.41347219,0.987009363,0.008858851,0.010760314,1800,1365,1155,21.82357163,5443.358136,0.934544529,1.68E-06,4.09E-05,77.69614319,29036.22301,4.001412444,1.77E-06,-0.025949147,99.51971482,23592.86487,3.066867915,9.43E-08,-0.025990034,-0.343270612,671.2254204,0.001773609,1.02E-08,6.38E-06,-0.611097286,-433.1538537,0.015650691,8.30E-08,6.08E-06,0.002021213,-39.31860968,0.000249792,8.95E-10,8.36E-08,0.016823049,-64.32846766,-0.00059194,4.34E-10,3.00E-08,1.507026337,1.32622149,1.035931772,0.224214616,1425,0.629103162,0.000544814,-6.01E-06
25,210122_Schrodingers_Perovskite,WDS84-11-8_MPPT_Only,WDS84-11,EP4,TRUE,TRUE,TRUE,TRUE,25,40,21,1,1,0.002206254,8.76E+17,6.88E+16,0.020522577,1.28E+16,8.23E+17,2.95E+17,0.133436002,-0.069074757,0.251194278,-0.093241926,0.665612135,16,1.175713981,4.08157E+14,1.39327E+15,0.587092888,,,,,,,,,,,,,,,,0.018876438,0.76,0.014346093,,1.0451939,2.25E-05,0.001875,5.31E-05,,,6.14E-06,-0.000669643,-7.84E-06,,-0.000417465,,,,,,,,,,,,,,,,0.003096165,-0.003448147,,,1593,,1737,1543,0.119552168,-0.014918057,-0.012961169,0.123572172,0.128520269,0.010145309,-0.02037718,-0.043441153,1.261410163,0.193384202,-1.12E+18,-0.266141689,0.077460299,-0.008219152,-0.024776905,-0.024908471,-0.011470271,-0.212993569,-0.027051207,-0.002411444,0.028982614,-0.13628435,-0.580660822,-0.107370797,-0.281522439,0.66247339,-0.141769193,-0.048064682,1733,314,144,,,,1,7066.991163,0.894834644,0.025126264,0.030615832,2040,0.615493137,100000,0.786274602,1294.536373,0.004382931,0.99045063,0.007706898,0.009225652,1755,-1.66E-16,9.24E-13,-1.79E-09,1.35E-06,-0.000423118,1.011565719,0.995619046,0.004794679,0.006248763,1815,0.941275969,0.635618044,0.999135145,798.1603205,2386.094779,39.41347219,0.987009363,0.008858851,0.010760314,1800,,1571,,,,,,,,,,,,,,,,,,,,,,,,,,,,,,,,,,,,,,,,190,,,
26,210412_MAPI_Devices,JV_PL_DF_MAPI_1sun_35C_30RH_air_2,YM16-14,EP4,TRUE,TRUE,TRUE,FALSE,35,30,21,1,1,0.001373075,1.05E+18,5.04E+16,0.028200718,1.57E+16,1.04E+18,1.41E+17,-0.379907353,-1.446360047,2.310447683,94.724254,0.33306977,120,1.163453882,-1.9565E+14,5.38673E+14,0.489031709,3.863181922,4.476190476,-5.381753425,-0.001025677,-0.016736838,1.048239827,0.949206349,0.502029025,-6.33E-06,4.53E-06,83934.15337,76810,40580.02318,6.757355831,56.19000621,0.018531295,0.78,0.01445441,0.021189365,0.98747789,2.41E-06,0.000333333,8.19E-06,-5.97E-06,5.74E-06,-4.35E-07,-3.97E-06,-4.17E-07,7.79E-08,1.18E-06,1.25E-06,0.001578576,0.020533162,-6.02E-06,4.83E-05,0.000303477,-6.00E-06,9.74E-05,0.000434594,8.97E-08,5.36E-06,-1.29E-05,9.01E-08,3.49E-07,-2.40E-05,0.005356733,-1.03E-05,5716,,2835,5716,,2070,0.010989685,-0.003443627,-0.004359664,-0.000519443,0.011015296,0.006981685,-0.001378062,-0.002944821,0.001465011,-0.007327882,1.22191E+14,0.017688482,0.000857261,0.000148241,-0.000108368,0.000123469,8.18E-05,6.34E-06,-0.000111187,5.25E-05,-0.000108027,-0.00026244,-4.84E-05,0.000965904,0.000827858,0.000527405,-0.000304578,-6.04E-06,1725,1995,1665,0.483474504,-8.64E-05,-1.79E-08,0.758655525,34035.40038,0.913044054,0.015505963,0.018686192,2040,0.439344172,27692.37302,0.39670938,7487.811036,0.000954157,0.997886886,0.002112276,0.002912947,5716,-2.13E-19,3.34E-15,-2.09E-11,6.18E-08,-0.000107391,0.978491581,0.996668069,0.00274781,0.003657793,5746,0.953355717,0.745371166,6.73E-05,196.5254997,6347.779674,8264.376836,0.954746831,0.010472615,0.013480179,6211,5011,2175,9.091268103,209258.0448,0.16233661,4.30E-07,1.36E-05,15.16121546,245823.914,3.867555652,1.24E-06,-0.021178738,24.25248356,36565.86924,3.705219042,8.14E-07,-0.021192291,0.021191287,-3084.183241,-0.013078666,-1.13E-08,5.95E-06,0.033615673,-1682.512241,-0.012965007,-6.84E-09,5.97E-06,-0.000723945,-49.45525162,0.000209403,5.71E-10,-9.05E-08,-7.07E-06,-152.4122998,0.000263353,4.71E-10,-1.00E-07,1.61570888,1.767996932,0.081916961,0.026047997,1590,0.690804328,0.000600569,-2.34E-05
27,210412_MAPI_Devices,JV_PL_DF_MAPI_1sun_85C_50RH_air_bad_DF,YM15-10,EP4,FALSE,FALSE,FALSE,FALSE,85,40,21,1,1,0.000906988,6.84E+17,4.08E+16,0.03510301,1.19E+16,6.81E+17,6.53E+16,-0.260598698,-0.752364618,-0.266491033,-0.742087812,0.376524249,120,1.152733658,-1.35024E+14,4.58243E+14,0.4714333,351.9111817,20.73809524,657.2967823,-0.025028862,-0.345841221,-0.135654499,0.366666667,2.097194032,0.000525393,0.006109097,71990.69269,61470,42377.02186,6.076825571,47.18870291,0.01906273,0.79,0.015059557,0.021848618,0.95455123,-1.47E-05,8.33E-05,-1.02E-05,-1.58E-05,5.14E-05,-2.43E-07,-5.56E-06,-3.00E-07,3.07E-07,-3.56E-06,4.02E-06,0.002157727,0.025768327,-1.63E-05,5.83E-05,-7.02E-05,-1.62E-05,2.02E-05,-0.000416398,2.83E-07,-1.08E-06,2.19E-06,2.84E-07,-1.22E-06,-3.72E-07,-0.000495832,-3.63E-05,120,120,105,120,120,105,0.002029268,-0.003894839,-0.003088232,-0.002219662,0.001919062,0.00046697,-0.000504895,-0.069990405,-0.375984298,-0.082225386,-1.87072E+15,0.002229983,-0.00201984,5.84E-05,-3.12E-05,0.0001338,0.000149065,0.0001476,-3.81E-05,-1.92E-05,-4.94E-05,-0.004056387,-0.024471439,-0.006338588,-0.043125681,0.00040452,0.000171266,2.70E-07,60,105,120,0.588645841,0.004360632,5.70E-06,0.390492147,99999.99998,0.944159573,0.005107295,0.006327124,2040,0.841180556,67.8125744,0.096313812,2416.891584,0.013923344,0.998885711,0.000729337,0.00089378,5716,-3.53E-12,2.25E-09,-4.37E-07,3.82E-05,-0.00208877,0.99977552,0.999620351,0.000398477,0.000521703,5746,0.88753881,1,0.99999119,136.5484073,1642.152756,3000,0.899204103,0.006793788,0.008500675,6211,120,105,1.713860069,28816.03582,0.18384069,3.09E-11,1.26E-06,31.47977633,92483.28105,1.338800557,1.90E-12,-0.021732645,29.76591626,63667.24523,1.522641247,3.28E-11,-0.021731389,-0.010878016,-266.014921,0.001189546,7.80E-14,1.62E-05,-0.025555272,-369.0580368,0.00236429,3.02E-12,1.60E-05,-0.000131094,49.58302226,2.21E-05,2.85E-15,-2.75E-07,-0.00045825,31.99564318,6.01E-05,1.23E-13,-2.70E-07,0.922353241,0.980411343,0.241822976,0.39004626,105,0.722086072,4.74E-06,-2.24E-05
28,210412_MAPI_Devices,JV_PL_DF_MAPI_1sun_85C_60RH_air_bad2,YM16-5,EP4,TRUE,FALSE,FALSE,TRUE,85,60,21,1,1,0.000149154,6.45E+16,9.83E+16,0.463303686,2.83E+16,4.63E+16,1.08E+17,1.018040668,0.455296496,0.364822851,0.421232948,1,120,1.106067061,5.53076E+15,1.93556E+15,-0.434371761,343.9765313,24.5952381,551.731678,-0.030001708,-0.379077735,-3.728272761,1.138095238,-2.615809939,0.001036902,0.011721299,68802.4323,59040,39015.75858,6.561211463,52.87827827,0.019750735,0.77,0.015208066,0.021667,0.94167742,-2.52E-05,-0.000684524,-3.15E-05,-1.84E-05,0.000210859,2.46E-07,-1.55E-05,-8.67E-08,5.11E-07,-3.26E-06,4.37E-06,0.004995397,0.060200243,-1.82E-05,0.000317477,-0.001362715,-1.81E-05,0.000311163,-0.000176136,4.88E-07,-9.56E-06,-7.22E-05,4.88E-07,-1.44E-05,-4.88E-05,0.00714024,-9.15E-05,480,,120,480,,120,0.003228541,0.007144326,-0.000216949,0.018230733,0.007594264,0.006867012,-5.57E-05,-0.001136526,0.022722376,0.018565649,4.94518E+14,0.007669617,0.016319795,-0.005022187,0.000107298,0.000289666,0.000286752,-1.95E-05,0.000124001,0.000237714,3.86E-05,0.00019817,0.000997963,-0.000800656,-0.002680044,0.000299964,-0.000409781,0.000795057,390,90,120,0.567069467,0.003476047,-1.62E-05,0.648248925,3977.040223,0.965587278,0.010774033,0.01350871,600,0.607101026,4626.180582,0.978619814,608.689388,0.067785718,0.970078416,0.009615178,0.012596406,600,-1.93E-14,3.09E-11,-1.80E-08,4.97E-06,-0.001067137,0.983832524,0.971126134,0.009854207,0.012373907,630,0.901200621,0.367742488,0.000399083,91.72743362,1791.856047,3000,0.958681022,0.011801207,0.014802298,600,360,120,19.87915227,946217.9763,2.209701131,7.01E-06,1.26E-05,37.38191705,56161.18004,1.524839351,5.61E-11,-0.0215989,17.50276478,1002379.156,3.734540482,7.01E-06,-0.021586299,0.088036274,2840.818731,0.028040406,5.46E-08,1.82E-05,0.427852036,-6539.956269,-0.010241798,-4.97E-08,1.78E-05,0.009720296,-301.7595668,0.00115465,5.40E-09,-5.03E-07,-0.015767973,858.0305314,0.002666745,5.60E-09,-4.10E-07,3.158816297,1.359135508,0.103330004,2.637130841,60,0.745371953,-0.00113449,-2.06E-05
29,210412_MAPI_Devices,JV_PL_DF_MAPI_1sun_85C_60RH_air,YM16-5,EP4,TRUE,TRUE,TRUE,FALSE,85,60,21,1,1,0.00100727,9.24E+17,4.31E+16,0.039121673,1.63E+16,9.19E+17,9.27E+16,-0.496081058,-1.51593053,-0.413720567,-1.397380336,0.650802428,120,1.155444728,4.27903E+14,6.68123E+14,0.477097776,412.7359197,17.52380952,440.367443,-0.037800794,-0.386125924,-11.96243368,1.077777778,-17.56637197,0.002139431,0.027072162,69511.99713,59130,46548.78403,6.67146353,53.30746272,0.019905108,0.8,0.015924087,0.021249937,0.97043216,-1.91E-05,0.000190476,-1.20E-05,-1.69E-05,-1.03E-05,7.15E-07,-9.52E-06,3.90E-07,4.21E-07,4.00E-06,7.52E-06,0.002648563,0.026109657,-1.67E-05,1.68E-05,-6.67E-05,-1.66E-05,-2.35E-05,-0.000151076,4.13E-07,-7.29E-09,1.79E-06,4.07E-07,4.31E-07,3.60E-06,0.000830807,0.000136069,990,,375,990,,375,0.000126413,-0.001110031,-0.00226433,-0.002300639,4.55E-05,0.004349804,-0.001190658,-0.003135476,0.000612861,-0.006950588,-8.35554E+13,-0.004539168,-0.002817839,-0.000287622,0.000123605,0.000372463,0.000252642,0.000442596,0.000122206,0.000227898,-0.000740112,-0.000127024,-4.29E-05,0.000324547,4.84E-05,-0.001697929,0.000223713,9.06E-05,0,345,210,0.669651081,0.001296909,-0.000118778,0.649494024,6777.837015,0.974752081,0.008865211,0.011046374,1005,0.441795576,19993.58287,0.824264913,1142.368428,0.004026915,0.998520828,0.002186562,0.002673723,975,-6.49E-16,2.27E-12,-3.05E-09,1.90E-06,-0.000701289,0.978536263,0.99634108,0.002857513,0.004205168,990,0.925320561,0.560093259,0.999531075,61.27840145,1956.205695,3000,0.994849771,0.00412208,0.004989077,975,735,300,0.494119751,66146.63089,0.131648608,9.80E-11,6.50E-07,12.26890691,91824.0569,1.509408358,2.09E-11,-0.021145708,11.77478716,25677.42601,1.641056966,1.19E-10,-0.021145059,-0.001996001,-452.3104167,-0.00055403,-1.21E-13,1.66E-05,0.009069448,-62.03590977,-0.001277302,-1.07E-12,1.66E-05,0.000224692,20.69618841,1.63E-05,4.48E-15,-4.12E-07,0.000479913,3.937859911,2.79E-05,3.13E-14,-4.06E-07,0.976414322,1.004679685,0.4190669,0.250736617,225,0.772203404,4.36E-05,4.68E-07
30,210412_MAPI_Devices,JV_PL_DF_MAPI_1sun_55C_40RH_air,YM18-5,EP4,TRUE,FALSE,TRUE,FALSE,55,40,21,1,1,0.000965759,4.85E+17,4.31E+16,0.030197113,7.93245E+15,4.61E+17,1.28E+17,0.364846634,-0.978701943,0.333421904,-0.380763241,0.511036614,120,1.15435678,2.41606E+13,4.63377E+14,0.469051111,89.49440839,34.82876196,30.82739289,-0.011204369,-0.134712217,0.180389809,-0.592160637,1.156016605,-5.58E-05,-0.000803143,82487.11147,72440.85401,49545.97736,6.84321951,55.51543938,0.02025188,0.8,0.016201504,0.02158584,0.98726545,-1.31E-05,0.000744048,3.57E-06,-9.27E-06,0.000252022,2.57E-07,-1.55E-05,-1.11E-07,1.85E-07,7.68E-07,6.50E-07,0.009598448,0.019729291,-9.79E-06,0.000282627,0.000326039,-9.72E-06,-0.000255459,-0.000531876,1.78E-07,1.74E-06,-1.36E-05,1.79E-07,1.62E-05,-1.85E-05,-0.00351248,0.000481491,2025,,645,2025,,615,-0.004172244,-0.003626408,-0.000260645,-0.00379318,-0.004292853,-0.002443933,0.000527921,-0.001498881,0.004388971,-0.004584262,5.31459E+15,0.003194867,-0.003880472,0.000449128,0.000464286,0.00054049,0.00015138,0.00051673,0.000457936,0.000520406,-1.76E-05,-0.000374856,-7.58E-05,0.000343534,-0.002632452,0.000324968,0.000558872,-3.03E-05,525,480,990,0.600651138,-0.000248949,1.26E-05,1,7776.418714,0.86961363,0.022705882,0.026076092,2250,1,111.2750269,0.061990484,2854.762798,0.001663961,0.990238307,0.005660679,0.007134918,2025,4.69E-18,4.06E-14,-2.91E-10,4.82E-07,-0.000320095,0.98661212,0.996995505,0.003020401,0.003958331,1995,0.980216679,0.730102659,0.999856165,19.01694238,2418.688637,2633.65839,0.897337117,0.019750754,0.02313839,2235,1725,585,1.657400861,271952.0535,0.252983799,9.75E-08,1.96E-07,9.443154636,232702.3459,2.724318969,5.93E-08,-0.021562042,7.785753775,504654.3994,2.977302768,1.57E-07,-0.021562238,0.017706693,-2660.906302,-0.011296353,-4.31E-10,9.77E-06,0.049797694,-3632.771216,-0.006378675,-1.11E-09,9.50E-06,-0.001104244,-186.2515639,0.000422079,4.56E-11,-1.78E-07,-0.004444523,357.8594387,0.000446,1.21E-10,-1.83E-07,2.002098958,1.274304352,0.024034214,0.131494341,375,0.760243017,0.000315411,-1.23E-05
31,210412_MAPI_Devices,JV_PL_DF_MAPI_1sun_55C_60RH_air,YM18-9,EP4,TRUE,TRUE,TRUE,FALSE,55,60,21,1,1,0.000218664,6.96E+16,2.14E+16,0.0630926,2.6469E+15,4.41E+16,2.13E+16,52.97802959,4222.311372,2.083831732,40.2678856,0.37170049,120,1.115956962,-7.09543E+13,2.16584E+14,0.332795825,-10.2984734,-13.13327119,-0.245905958,-0.00097868,-0.014923687,0.991808281,0.791813601,0.543732805,-6.56E-05,-0.000888521,94517.01715,85117.73123,39783.25359,5.908829921,43.64374704,0.019252585,0.78,0.015017016,0.02110014,0.96681529,-8.27E-06,0.000708333,6.61E-06,-8.11E-06,0.000351397,-1.17E-08,-8.33E-06,-1.79E-07,2.57E-07,3.55E-06,1.70E-05,0.006863629,0.054874848,-6.66E-06,0.000446122,0.000545825,-6.45E-06,0.000197771,0.000591777,1.82E-07,-1.65E-06,-2.10E-05,1.77E-07,-6.89E-06,-3.49E-05,6.22E-05,-6.36E-05,1935,,585,1935,2340,570,0.003963043,-0.002522735,-0.002244325,-0.001802414,0.010955035,-0.005514248,0.002403117,-0.007316573,-0.007196654,-0.008836558,6.84568E+12,-0.029213778,-0.004086265,-0.000177301,-0.000254337,0.000317133,0.00034025,9.42E-05,-0.00071639,-0.000461854,0.000276254,0.000765444,0.000784408,0.000298428,0.000751647,-0.004025199,3.00E-05,-8.30E-05,240,540,735,0.420911015,4.39E-05,1.35E-06,0.899122215,8760.164426,0.90685239,0.017695365,0.020308755,2250,0.756364871,257.4775823,0.096947924,2713.355449,0.002034871,0.999166202,0.001462909,0.001921445,1950,-3.00E-17,1.79E-13,-4.45E-10,5.12E-07,-0.000320242,0.988010515,0.999090767,0.001437499,0.002006481,1950,0.970300596,0.722119822,0.999991372,35.30853916,2404.7347,14.99999998,0.939300376,0.013563741,0.016394208,2235,1725,570,,,,,,,,,,,4.383634589,1304268.463,4.512222827,1.11E-05,-0.020588373,,,,,,0.132428279,-9254.744115,-0.023738651,-7.95E-08,6.34E-06,,,,,,-0.010035355,1002.949646,0.00168376,8.81E-09,-1.78E-07,4.416374419,,0.006731399,,315,0.736130488,0.000351939,-2.07E-05
32,210412_MAPI_Devices,JV_PL_DF_MAPI_1sun_65C_60RH_air,YM18-XX,EP4,TRUE,TRUE,TRUE,FALSE,65,60,21,1,1,0.000861706,7.16E+17,4.02E+16,0.037990541,1.92E+16,7.05E+17,8.60E+16,0.699688045,37.39496029,79.17227506,14941.82154,0.696785714,120,1.151409648,4.3245E+14,9.72066E+14,0.48729891,259.6467605,34.18240514,223.9937746,-0.029651705,-0.31224657,-11.01497791,-1.337388383,-3.817493742,0.001811184,0.018789775,73999.23404,63178.6772,49134.37049,6.394777419,48.18449957,0.021440722,0.8,0.017152577,0.022658812,0.97574696,-3.40E-05,0.00039881,-2.03E-05,-1.42E-05,0.000170449,5.70E-07,-2.50E-05,-6.15E-08,4.19E-07,-4.76E-06,4.52E-06,0.000842863,0.037438174,-1.69E-05,0.000207541,-6.96E-05,-1.68E-05,3.25E-05,-0.000840764,4.00E-07,-7.84E-06,-1.37E-05,4.02E-07,-7.92E-06,-3.22E-05,-0.005236562,0.000624764,1275,,390,1275,,390,-0.006690005,-0.004825555,-0.000351576,-0.006452325,-0.006497098,-0.005614436,-0.001617111,-0.219245361,-0.601380974,-0.004809986,-3.20505E+11,-0.007300644,-0.006198219,-0.000972717,0.000643007,0.000555489,-0.000139806,0.000715957,0.000703205,0.000604339,0.00020297,-0.092326945,-0.194577831,0.000846465,0.000934438,0.000825312,0.000688755,0.000117263,360,360,240,0.663984852,0.000522622,3.62E-05,0.597133607,12790.30076,0.938075567,0.012185139,0.014198583,2250,0.850494717,134.8270685,0.111768338,1917.377596,0.002587473,0.999289299,0.00110941,0.001521099,1275,-2.85E-16,1.22E-12,-2.08E-09,1.63E-06,-0.000657483,0.986162693,0.998822655,0.001073441,0.001957789,1275,0.92669957,0.673035348,0.000776505,95.21860592,1967.22306,3000,0.97154347,0.007989429,0.009625093,2235,1065,375,4.608754187,442514.6634,0.596065612,2.19E-08,2.13E-06,12.86122422,505819.6014,1.811445514,2.34E-10,-0.02254489,8.252470029,63304.938,2.407511127,2.21E-08,-0.022542757,-0.00688441,-3529.177176,-0.002497761,-1.68E-12,1.69E-05,0.00334955,-442.6582526,-0.001876742,-1.52E-10,1.67E-05,0.000363725,326.7272228,0.000188157,1.77E-13,-3.98E-07,-0.003536524,23.22259439,0.000653065,1.75E-11,-3.98E-07,1.62226373,1.039853752,0.256486326,0.060334212,90,0.775809422,-0.00058226,-1.39E-05
33,210412_MAPI_Devices,JV_PL_DF_MAPI_1sun_75C_60RH_air,YM19-3,EP4,TRUE,TRUE,TRUE,TRUE,75,60,21,1,1,0.000854128,7.81E+17,3.92E+16,0.041160617,1.40E+16,7.78E+17,7.54E+16,-0.403105037,-1.57892894,-0.298358274,-1.399220603,0.617234142,120,1.15118128,2.1519E+14,4.89314E+14,0.459796055,326.1916918,46.7684218,521.7613998,-0.023864701,-0.320901011,-6.355349177,-0.881433296,2.11095598,0.00130193,0.014524375,69940.83111,60151.51515,44682.141,6.757897714,55.19193078,0.019977062,0.8,0.015981649,0.021626033,0.9620533,-2.32E-05,-0.000208333,-2.23E-05,-1.29E-05,0.000111729,3.83E-07,-5.16E-06,2.09E-07,2.70E-07,-3.56E-06,5.08E-06,0.002173779,0.00895403,-1.44E-05,0.000200987,-0.00033316,-1.43E-05,0.000102079,-0.000884566,2.94E-07,-8.66E-06,-5.22E-06,2.94E-07,-4.81E-06,1.40E-05,-0.005491062,0.000634491,285,,105,285,465,105,-0.006506271,-0.005819131,-0.003185534,-0.006683034,-0.006594335,-0.004720216,-0.001171639,-0.217509205,-5.957730786,-0.241900286,3.63229E+15,-0.007405954,-0.006020406,-0.001174376,0.000737191,0.000499811,-0.000278723,0.000681669,0.000736737,0.000594183,0.000137472,-0.013453184,-0.393347567,-0.014419539,-0.351008852,0.000864167,0.000565509,8.95E-05,450,105,180,0.638856306,0.003189173,6.29E-05,0.64209045,6464.954306,0.987989631,0.00302008,0.003750645,2250,0.752245606,575.739677,0.275663469,99836.81961,5.93E-05,0.988320786,0.003198072,0.003698577,1275,-1.21E-12,8.81E-10,-2.29E-07,2.59E-05,-0.001677936,0.999100108,0.995791911,0.00167923,0.002220089,1275,0.901971373,0.828815294,0.000542753,157.5816623,583.672575,3000,0.962710088,0.004868539,0.006608814,2235,285,105,0.230088408,154403.6249,0.090511398,1.64E-11,9.55E-06,34.25248526,194233.6979,1.535859829,2.23E-11,-0.021601259,34.02239685,39830.07303,1.445348431,5.88E-12,-0.021610811,0.247310433,-1121.35947,0.000660412,6.05E-14,1.43E-05,0.207395052,23.364948,0.006809551,4.30E-11,1.42E-05,0.003492916,20.54520747,3.05E-05,1.02E-14,-2.95E-07,0.005412133,-0.853301771,-0.000123174,-1.95E-12,-2.99E-07,1.789091538,1.782532199,0.492328531,0.381535783,45,0.768149223,-0.000732783,3.03E-06
34,210412_MAPI_Devices,JV_PL_DF_MAPI_1sun_75C_50RH_air,YM19-4,EP4,TRUE,TRUE,TRUE,TRUE,75,50,21,1,1,0.000848211,7.24E+17,3.92E+16,0.038737005,1.34E+16,7.19E+17,7.95E+16,-0.459397735,-1.557661853,-0.310552074,-1.180869454,0.664324435,120,1.151001582,2.97487E+14,5.14288E+14,0.479650853,407.2660355,128.0828243,665.8085262,-0.025714545,-0.323687263,-1.771585204,-6.01409035,10.56413286,0.000860777,0.008604594,89269.27517,79980.44488,44685.85031,6.07145255,45.85200261,0.019644257,0.7,0.01375098,0.022105523,0.96743856,-0.000189117,-0.00160119,-0.00014323,-0.000142375,0.000817327,-1.63E-06,-2.90E-05,-1.37E-06,-1.23E-05,8.13E-05,1.11E-05,0.00015273,0.012370411,-0.0001712,0.000628328,-0.005710234,-0.000169991,0.000595629,-0.002068117,-1.46E-05,4.04E-05,-0.000140017,-1.49E-05,2.46E-05,0.000122082,0.002186879,0.000563442,90,,45,90,150,45,0.00329876,0.005222922,0.000202869,0.014136128,0.003274112,0.004454453,-0.002895089,-0.022573584,-0.016242751,-0.050180209,-2.02253E+15,-0.060222169,0.018451932,0.004921471,0.000660854,-0.000537039,-0.000866326,-0.00169553,0.000663617,0.000243236,0.000533305,-0.001534551,0.00063924,-0.006105147,0.007792056,0.008551136,-0.002352768,-0.000552607,135,45,75,0.500573688,0.003753219,8.54E-05,1,691.4373107,0.939213842,0.007114981,0.009167235,2250,1,691.4373253,0.99999999,2851.057725,0.021329435,0.939213842,0.00711498,0.009167235,1275,-9.02E-10,2.12E-07,-1.72E-05,0.000553583,-0.007002153,1,1,1.63E-15,2.16E-15,1275,0.722945853,0.6,1.00E-10,199.973913,2000,3000,0.941680964,0.007152195,0.008979273,2235,90,45,3.676209814,162855.3777,0.053480142,1.92E-11,1.30E-05,128.786303,244585.6137,1.537146372,1.87E-11,-0.022087624,132.4625128,81730.23605,1.590626514,3.79E-11,-0.022100661,,,,,,264237.0948,39981.76675,-0.005057031,-9.87E-10,-0.019271973,,,,,,29358.63225,4538.937541,-0.000240553,2.13E-12,0.002175369,2.285381396,2.201751807,0.669976828,0.078394486,30,0.642997739,-0.002854449,0.000329123
35,210412_MAPI_Devices,JV_PL_DF_MAPI_1sun_65C_50RH_air,YM19-7,EP4,TRUE,TRUE,TRUE,TRUE,65,50,21,1,1,0.000930337,8.05E+17,4.09E+16,0.036812375,1.39E+16,8.01E+17,8.02E+16,-0.411777413,-1.624346261,-0.246657582,-0.993522964,0.525815717,120,1.153390735,1.25575E+14,5.43549E+14,0.474520947,248.7991775,93.35574793,144.2218553,-0.025919047,-0.258220822,-15.9608162,-6.633189482,-5.843321741,0.001866298,0.018235096,87626.22929,74602.98507,53325.92794,6.097044062,46.16186865,0.019352492,0.71,0.013740269,0.02146376,0.96445841,-2.94E-05,0.000190476,-1.79E-05,-1.17E-05,0.00020416,-9.81E-07,-4.68E-05,-1.57E-06,3.64E-07,-6.23E-06,3.52E-06,0.00150342,0.004577652,-1.26E-05,0.000389499,-0.00075521,-1.24E-05,0.000187776,-0.000989908,3.70E-07,2.56E-06,-9.98E-05,3.76E-07,-4.68E-06,5.53E-06,-0.005299981,0.000592826,165,,105,165,495,105,-0.006068386,-0.005413267,-0.001762228,-0.006196106,-0.006201809,-0.004036683,0.000360098,-0.044966156,-0.067407593,-0.043532966,4.91749E+15,-0.005334492,-0.005624443,-0.000585334,0.000629697,0.000479413,-0.000219073,0.00061009,0.000662829,0.000228954,0.000195913,0.008054152,0.012710266,-0.000428222,0.001226845,0.001307783,0.000557385,3.01E-05,480,105,165,0.608561254,-5.10E-05,3.50E-05,0.47440981,18954.02617,0.463180015,0.022266932,0.044179048,2250,0.999999998,120.7527579,0.148328774,3174.262648,0.75289777,0.525868219,0.022944202,0.041519446,1275,-6.08E-13,6.10E-10,-1.97E-07,2.38E-05,-0.001562245,0.994646277,0.686287296,0.016327725,0.033772878,1275,0.844217041,0.999858885,1.00E-10,209.9999678,2007.2592,3000,0.659568409,0.021113374,0.03518171,2235,165,105,16.91936065,36316.33977,0.202329647,4.30E-11,1.07E-06,106.7553537,204014.3364,1.645330871,4.57E-11,-0.021451736,123.6747144,167697.9967,1.443001225,2.68E-12,-0.021452809,0.848672374,-1934.110046,0.009955347,1.11E-09,1.20E-05,-0.060486268,-769.0632202,0.019733894,5.76E-08,1.19E-05,0.109217039,36.74780453,0.00099588,1.23E-10,-3.73E-07,0.053282484,-78.89302556,-0.00234209,-1.15E-08,-4.17E-07,6.046196319,3.181798488,0.000553364,0.07797727,90,0.663752133,-0.000654357,-8.58E-05
36,210412_MAPI_Devices,JV_PL_DF_MAPI_1sun_25C_40RH_air_2,YM19-1,EP4,TRUE,TRUE,TRUE,FALSE,25,40,21,1,1,0.002113271,1.58E+18,6.75E+16,0.024389293,1.97E+16,1.57E+18,1.97E+17,-0.461744097,-1.565829371,-0.244919754,-1.260500809,0.299962198,120,1.174600823,-3.76132E+14,7.71755E+14,0.484874164,-19.01315234,-18.95538006,-3.901167689,8.93E-05,0.001262049,0.960344948,0.868229543,0.474244482,-1.74E-06,-4.22E-06,69982.75932,56380.04246,52122.85598,5.225238908,32.15924342,0.019932512,0.76,0.015148709,0.02205447,0.97228025,-2.90E-07,0.000309524,5.95E-06,-3.31E-06,-6.00E-05,-1.17E-07,-5.56E-06,-2.01E-07,9.25E-08,2.52E-06,3.33E-08,0.008534997,0.004462001,-2.98E-06,1.33E-06,0.000418272,-2.96E-06,1.32E-05,0.000424413,8.43E-08,-4.64E-07,-1.42E-05,8.47E-08,-8.86E-07,-1.52E-05,-0.005793453,0.000598033,3495,4875,3285,3495,4875,3120,-0.005818748,-0.004997845,0.002513629,-0.004405905,-0.006316573,-0.002595898,0.001351232,-0.036608438,-0.061173722,-0.029059806,7.28353E+15,-0.007801159,-0.003434548,0.001838171,0.000688309,0.000499131,-0.000227705,0.000478387,0.000701039,0.000329044,-0.000168998,0.000597722,-0.000968873,0.002541532,0.0014963,0.000688634,0.000486767,-0.00018498,3030,3090,1650,0.744795668,0.000151443,-3.50E-06,0.939621282,19205.11583,0.850230144,0.014177241,0.021292992,2250,0.903546546,1798.712681,0.159945727,3846.643122,0.005145276,0.994708546,0.002955501,0.004002322,3495,-7.94E-18,5.85E-14,-1.53E-10,1.79E-07,-0.000142216,0.998619727,0.993724173,0.003364667,0.00435873,3495,0.981876107,0.767882828,0.999972706,94.4284021,4470.139052,2349.359862,0.863857909,0.012383993,0.020301153,2235,3375,3135,12.09498132,128299.321,0.442459643,1.34E-06,4.18E-06,21.30665334,228877.0323,4.090146403,1.90E-06,-0.021973033,33.40163466,100577.7113,3.64768676,5.60E-07,-0.021977213,-0.077931084,-1680.384033,-0.007364307,-1.55E-08,3.00E-06,-0.115053334,1899.03105,-0.005331554,-4.20E-09,3.01E-06,0.002247168,-249.3294102,0.000163583,6.74E-10,-8.59E-08,0.002744564,-21.58547404,0.000171049,2.41E-10,-8.68E-08,2.146493952,3.013076908,0.062830133,0.035871171,2325,0.706459923,0.000437141,-1.42E-05
37,210412_MAPI_Devices,JV_PL_DF_MAPI_1sun_25C_40RH_air_3,YM19-12,EP4,TRUE,FALSE,TRUE,FALSE,25,40,21,1,1,0.001658891,9.96E+17,5.76E+16,0.024522795,1.31E+16,9.82E+17,1.61E+17,-0.310749285,-1.417652123,0.053983178,-0.599003035,0.4153511,120,1.168342397,-1.06899E+14,6.95399E+14,0.469147368,-2.06108392,-12.66888275,13.9686602,-0.002741205,-0.038725888,0.890972413,0.744849452,0.541688831,-2.71E-05,-0.00041378,86708.38095,75592.35977,46096.32457,5.682792003,41.01983082,0.020365948,0.8,0.016292759,0.022320028,0.99113137,-2.77E-06,0.000202381,1.86E-06,-4.63E-06,-8.31E-05,-9.22E-08,3.97E-06,5.30E-09,1.46E-07,7.10E-06,2.17E-07,0.012466394,0.010244385,-4.28E-06,-4.78E-06,0.000207744,-4.25E-06,-3.67E-05,0.00023732,1.37E-07,4.09E-06,-5.12E-06,1.35E-07,3.45E-06,-6.59E-06,-0.004604898,0.000528916,3540,,3090,3540,,3045,-0.002562933,-0.004104819,0.001242748,-0.002703419,-0.003494719,-0.000682047,0.000283956,-0.179207037,-0.509702502,0.04436577,4.26023E+15,-0.004518393,-0.003612183,8.87E-05,0.000582022,0.000507938,2.27E-05,0.000108731,0.00062236,0.000275167,-0.000134397,0.000486977,-0.006541566,-0.064627018,0.055172956,0.001551422,0.00042202,-0.00032307,1290,1950,1530,0.531624787,0.000174836,7.55E-07,0.896463344,19871.72967,0.844640864,0.016843977,0.022396709,2250,0.944710956,999.7755324,0.125108872,4104.124323,0.003050103,0.997135624,0.002472334,0.003041101,3540,-2.00E-18,9.54E-15,-1.39E-11,2.29E-08,-8.38E-05,0.989138198,0.999059826,0.001179354,0.001742288,3540,0.977574003,0.777513538,0.999973912,77.69116469,4103.065988,2207.78391,0.866303534,0.014284409,0.020776662,2235,3330,2910,3.939814202,130348.2243,0.11870139,1.27E-07,1.52E-06,13.43436977,270395.1823,3.66299737,5.52E-07,-0.022249461,17.37418398,140046.958,3.781698759,6.79E-07,-0.022250978,-0.005592519,-1611.038277,-0.009804532,-4.85E-09,4.27E-06,0.021162187,-115.5052416,-0.01136928,-6.14E-09,4.26E-06,5.53E-05,-61.22794245,0.000177612,2.59E-10,-1.39E-07,0.000558477,-27.52180326,0.000192176,3.08E-10,-1.37E-07,3.925915496,4.524367608,0.056448934,0.035387956,1485,0.736493064,0.000307544,-9.95E-06
38,210412_MAPI_Devices,JV_PL_DF_MAPI_1sun_25C_40RH_air_reversibility_test,YM19-6,EP4,FALSE,FALSE,FALSE,FALSE,25,40,21,1,1,0.001921448,1.78E+18,6.14E+16,0.027543488,2.31E+16,1.77E+18,1.70E+17,-0.326116672,-1.667855906,-0.169275289,-1.401976114,0.392919147,120,1.172140804,-2.52033E+14,7.76885E+14,0.492868084,-4.562654079,-3.539534023,-3.770877769,-0.000311262,-0.005951286,1.458374883,1.350236788,0.492915619,-8.59E-07,6.78E-05,86934.36416,77615.63196,36503.19397,5.913985742,44.70944691,0.019673558,0.8,0.015738847,0.021967647,0.98286777,-1.66E-06,0.000154762,1.72E-06,-6.72E-06,-2.05E-07,-2.23E-07,2.38E-06,-1.32E-07,1.98E-07,3.42E-07,7.00E-07,0.009873547,0.023020707,-6.48E-06,2.20E-05,0.000163616,-6.46E-06,3.89E-06,0.000279852,1.96E-07,1.94E-06,-6.27E-06,1.96E-07,1.75E-07,-1.75E-05,-0.005546084,0.000620374,3753,,2748,3753,,2718,-0.006279865,-0.004647818,0.001410326,-0.005331985,-0.006328167,-0.005114608,0.001177831,-0.085925791,-0.662765793,-0.047931304,7.98894E+15,-0.008379241,-0.005257656,-0.001179614,0.000740732,0.000567606,2.88E-05,0.000557942,0.000757332,0.000583104,3.61E-05,0.011511284,0.129380317,0.013450998,0.010177386,0.000531643,0.000397647,-0.00049484,1653,1863,1263,0.419893725,-2.16E-05,-1.38E-06,0.935333425,15817.43411,0.936437189,0.013649893,0.016248016,2250,0.578576405,43330.22897,0.792521661,3930.195195,0.00230751,0.995858969,0.003288439,0.004147181,3738,1.33E-18,-1.45E-14,4.85E-11,-5.15E-08,-4.87E-05,0.979514562,0.997439916,0.00228937,0.003260813,3738,0.926106006,0.8368668,0.051450105,702.8519216,2930.911801,10072.45958,0.991656188,0.004143465,0.005886824,3723,3273,1938,3.767099743,36106.07789,0.259162889,1.64E-07,8.82E-07,18.99462151,233365.4539,3.240437524,1.40E-07,-0.021918471,22.76172125,269471.5318,3.499600412,3.04E-07,-0.021919352,-0.018235508,-2092.267362,-0.006511571,-1.23E-09,6.45E-06,0.033500538,-1619.922202,-0.009436366,-2.48E-09,6.42E-06,0.000172056,-41.8659032,0.000114334,5.81E-11,-1.97E-07,-0.000301687,-1.704137208,0.00023394,1.81E-10,-1.97E-07,2.661164443,2.900776551,0.029374101,0.046006279,1608,0.728944185,0.000313826,-1.30E-05
39,210412_MAPI_Devices,JV_PL_DF_MAPI_1sun_25C_50RH_air,YM19-11,EP4,TRUE,TRUE,TRUE,FALSE,25,50,21,1,1,0.001903484,1.09E+18,6.34E+16,0.023247753,1.37E+16,1.07E+18,1.73E+17,-0.300789067,-1.00536828,-0.03381026,-0.825334618,0.290595849,120,1.171897971,-3.46069E+14,6.60008E+14,0.475452516,1.801459864,1.807780235,-0.705445002,-0.00041346,-0.007022157,0.760807912,0.694165044,0.348194258,6.46E-06,0.000174468,79750.85351,70539.32325,44653.05031,6.879324737,56.60454458,0.020014493,0.8,0.016011595,0.021667902,0.99329156,-4.90E-06,0.000261905,1.18E-06,-5.41E-06,-4.80E-06,7.72E-11,-3.17E-06,-6.67E-08,1.26E-07,4.40E-06,8.33E-08,0.00785099,0.009067343,-5.22E-06,3.14E-05,0.000315225,-5.20E-06,3.29E-05,0.000301484,1.31E-07,3.24E-06,-5.96E-06,1.30E-07,3.37E-06,-7.62E-06,-0.005314382,0.000600194,2235,5100,1515,2235,1065,1470,-0.006681451,-0.004182375,0.003421287,-0.00559952,-0.00699027,-0.005213931,0.001380825,-0.019800994,-0.12484316,-0.000341999,8.78774E+15,-0.007049309,-0.004248418,0.001262454,0.00062486,0.000550506,-0.000158462,0.000568248,0.00062824,0.000595586,-0.000139898,0.002513347,0.003273188,0.003980062,-0.000884343,0.000724055,0.000536438,-9.51E-05,1065,1185,855,0.559906864,-2.16E-05,-9.81E-07,1,8152.186342,0.965839996,0.012690338,0.014486376,2355,1,616.5719602,0.09575235,3441.81076,0.001323194,0.997805618,0.002618647,0.003671613,2265,1.62E-17,-9.31E-14,1.58E-10,-6.27E-08,-0.000120599,0.98973444,0.999277271,0.001726115,0.002107117,2235,0.986978573,0.717253747,7.55E-06,21.37875578,2634.464158,3459.689231,0.976845413,0.01004077,0.011926673,2325,1950,1290,3.717805491,296213.4038,0.05801214,1.16E-08,1.04E-06,14.61183249,557248.3765,3.124533945,8.14E-08,-0.021618648,18.32963798,261034.9727,3.182546085,9.30E-08,-0.021619687,0.013023412,-3602.427521,-0.006785869,-6.93E-10,5.20E-06,0.051150494,-2819.759269,-0.009074573,-8.29E-10,5.14E-06,-0.000745041,303.0772256,0.000152507,4.06E-11,-1.30E-07,-0.000511481,-25.50000354,0.000150847,4.53E-11,-1.30E-07,3.257775501,3.775356767,0.038420798,0.025098116,1095,0.743945269,0.000251481,-1.08E-05
40,210412_MAPI_Devices,JV_PL_DF_MAPI_1sun_25C_60RH_air,YM20-7,EP4,TRUE,TRUE,TRUE,FALSE,25,60,21,1,1,0.001400557,6.42E+17,5.18E+16,0.024913974,9.18126E+15,6.29E+17,1.30E+17,-0.133452762,-0.639258804,0.11737715,-0.287829627,0.476085708,120,1.163966207,-1.76157E+13,5.87731E+14,0.46716799,9.079810146,1.730530224,4.29110491,-0.000568868,-0.003931233,0.554209883,0.463553198,0.327709935,-6.96E-06,-0.00013222,70083.76812,59132.42009,46256.98935,6.105879225,44.22149723,0.020521603,0.78,0.016006851,0.022761745,0.98706316,1.36E-06,0.000166667,4.51E-06,-3.37E-06,0.000113656,-1.09E-07,3.97E-06,-2.63E-09,1.26E-07,7.12E-06,5.27E-06,0.001691196,0.008846348,-3.61E-06,9.92E-05,0.000227599,-3.62E-06,0.000135734,0.000227715,1.35E-07,4.76E-06,-8.93E-06,1.38E-07,5.14E-06,-6.28E-06,-0.004266712,0.000560566,,,2385,,,2100,-0.004916176,-0.004955146,-0.002320084,-0.005281786,-0.005009182,-0.004254085,-0.000222568,-0.012159867,0.000510612,-0.014581498,1.10E+16,0.004749147,-0.005265561,0.00039084,0.000573267,0.000487723,-0.000216021,0.000510408,0.000577318,0.000511566,1.10E-07,0.002887369,8.13E-05,0.001314536,-0.003802715,0.000343036,0.000510499,-3.75E-05,1725,1935,1650,0.660024291,-2.41E-05,-5.39E-07,1,15466.21704,0.933724068,0.007760857,0.012535854,,0.985293981,10727.35202,0.65376656,2782.221381,0.011160551,0.988034392,0.004365134,0.005326518,,-3.24E-17,1.94E-13,-4.05E-10,3.37E-07,-0.00014333,0.995184446,0.994512601,0.002366375,0.003607109,,0.855105479,0.69039216,0.005,2500.277698,2880.053264,480.2116423,0.984828421,0.004964509,0.005997792,,2655,2160,5.050758822,110766.3325,0.071069354,1.47E-07,1.95E-05,16.01018491,12704.17735,4.006942608,1.36E-06,-0.022799091,21.06094373,123470.5099,4.078011962,1.50E-06,-0.022779594,-0.049452202,3512.744515,-0.000972548,-8.57E-09,3.82E-06,0.013894277,2408.53947,-0.004589782,-1.15E-08,3.73E-06,0.003469956,-150.8247716,-0.000342902,-1.60E-09,-1.56E-07,0.000663732,100.9240858,0.000147663,4.68E-10,-1.24E-07,9.757881534,11.86935171,0.053858456,0.652447501,1770,0.712451647,0.000226968,-9.29E-06
41,210412_MAPI_Devices,JV_PL_DF_MAPI_1sun_75C_50RH_air_2,YM20-4,EP4,TRUE,TRUE,TRUE,FALSE,75,50,21,1,1,0.001236494,1.11E+18,4.62E+16,0.033680011,1.73E+16,1.11E+18,8.55E+16,-0.533205689,-1.535805797,-0.416902582,-1.358012674,0.596850658,120,1.160745308,1.56248E+14,5.19836E+14,0.482696947,477.3610788,7.697304029,584.5544799,-0.04068055,-0.412512727,-23.65498039,-6.924934001,-18.77886509,0.002059562,0.021634362,75086.03522,66503.72181,43836.948,6.375252105,49.44700524,0.02209478,0.8,0.017675824,0.023658783,0.98236234,-2.61E-05,8.93E-05,-1.94E-05,-7.53E-06,-1.00E-05,2.75E-07,-2.34E-05,-2.74E-07,6.85E-08,-7.05E-06,2.82E-06,9.41E-05,0.011420071,-8.39E-06,8.60E-05,-0.000168177,-8.29E-06,3.19E-05,-0.000649446,6.26E-08,-3.33E-06,-2.52E-06,6.08E-08,-3.48E-06,-9.11E-06,-0.000159918,4.57E-05,1965,,1095,1965,,1095,-0.00084147,-0.003300124,-0.003714586,-0.004192118,-0.000848847,-0.000123038,-0.00051134,-0.001287047,0.000423804,-0.003002203,6.88524E+14,-0.020140441,-0.005909472,-0.000191491,4.49E-05,0.000235536,0.000226956,0.000197995,4.50E-05,7.28E-05,-0.0003558,-5.05E-05,-2.03E-05,-9.52E-05,-6.33E-05,-0.003971476,-0.000204482,-4.38E-05,1665,135,630,0.583822916,0.002523449,-2.02E-05,0.838808748,8747.791312,0.998928116,0.002308126,0.002739327,1995,1,3178.487333,0.519199846,99999.99999,3.93E-05,0.999437448,0.001534747,0.001984502,1980,-6.97E-18,4.43E-14,-9.91E-11,1.10E-07,-0.00018771,0.991620625,0.999652293,0.000963453,0.001560187,1965,0.860489372,0.671638614,0.000359588,851.2841857,2813.139008,2068.591557,0.995645554,0.004659001,0.005521237,2010,1455,795,0.225096906,20246.15971,0.018601624,1.19E-13,8.75E-06,30.96764806,47599.60559,1.31145335,4.04E-13,-0.023646808,31.19274497,27353.44588,1.292851725,2.85E-13,-0.023655562,-0.012099687,-624.0953003,0.000585958,5.01E-15,8.22E-06,-0.039987583,-272.5346612,0.003599117,5.78E-13,7.96E-06,0.000578903,-52.43246424,8.27E-06,1.08E-15,-7.27E-08,0.000367063,0.606264591,7.33E-07,3.23E-14,-6.78E-08,0.87644997,0.921929787,0.230918322,0.172084192,90,0.760528611,-0.000600966,-9.37E-06
42,210412_MAPI_Devices,JV_PL_DF_MAPI_1sun_85C_50RH_air_2,YM20-10,EP4,TRUE,TRUE,TRUE,FALSE,85,50,21,1,1,0.000960956,8.83E+17,4.07E+16,0.039042572,1.53E+16,8.80E+17,7.17E+16,-0.547737898,-1.587827221,-0.394673914,-1.45457488,0.492655314,120,1.15422787,-9.62907E+11,4.25444E+14,0.469587409,498.7140689,90.68495872,973.5064077,-0.01803894,-0.264743704,-0.634844827,-0.329972301,7.017437713,0.000586014,0.006688645,75906.85909,64928.05755,45032.38307,5.858087686,42.83315627,0.020683268,0.8,0.016546615,0.022501247,0.96748144,-1.47E-05,4.17E-05,-1.10E-05,-6.87E-06,-7.09E-05,4.26E-07,-8.33E-06,1.78E-07,-3.09E-08,9.14E-07,4.83E-06,0.003808493,0.040122348,-8.20E-06,-4.27E-05,-0.000141766,-8.05E-06,-6.29E-05,-0.000230679,-3.58E-08,2.67E-06,-7.15E-06,-4.08E-08,2.85E-06,-6.27E-06,0.000447132,0.000137769,765,1260,405,765,1260,405,-0.00010431,-0.00418908,-0.00512723,-0.004405397,-0.00017108,0.003465401,-0.000486262,-0.016402295,-0.0325205,-0.235392061,6.33187E+13,1.436854504,-0.005052888,6.60E-05,0.000188401,0.000375606,0.000319912,0.000420501,0.000187938,0.000153463,-0.000350969,-0.000810706,-0.001986564,-0.02502845,-0.654254732,0.420727367,0.000105799,-2.16E-05,0,150,345,0.593258417,0.005768919,5.49E-05,1,2920.053653,0.971020731,0.009848654,0.013210395,1995,1,2863.698379,0.908802965,766.7015505,0.020885883,0.999168878,0.001741955,0.002237198,765,-1.41E-15,1.03E-12,3.78E-10,-4.00E-07,-0.000225598,0.99832933,0.999511221,0.00140108,0.001715648,765,0.801778255,0.00554179,0.999175749,672.929309,1894.66378,3000,0.999148018,0.001938264,0.0022651,765,675,315,0.13424201,96114.5325,0.073473487,1.17E-11,1.59E-05,18.155753,112684.2521,1.405321733,4.84E-12,-0.022438415,18.02151099,16569.71963,1.47879522,1.65E-11,-0.022454362,0.00350413,-1010.58904,1.20E-05,4.82E-15,8.04E-06,-0.005775919,12.46588656,0.001494292,9.42E-13,8.12E-06,-0.000280665,16.62010921,3.99E-05,2.59E-15,3.17E-08,-4.43E-05,-1.703022846,6.06E-06,1.93E-14,3.68E-08,0.948071187,1.036443563,0.895561817,0.250772892,90,0.760081094,-0.000231726,7.91E-06
43,210412_MAPI_Devices,JV_PL_DF_MAPI_1sun_65C_50RH_air_2,YM20-2,EP4,TRUE,TRUE,TRUE,FALSE,65,50,21,1,1,0.001240543,1.10E+18,4.67E+16,0.031804724,1.66E+16,1.08E+18,1.85E+17,-0.373378176,-1.616812561,-0.275657914,-1.416617865,0.308746706,120,1.160829825,-2.51794E+14,5.07855E+14,0.489745003,159.0191898,-54.10120678,175.68724,-0.020705793,-0.214525619,-0.858233745,-0.353127547,2.595812095,-0.000172759,-0.002254044,91771.94372,71486.83723,86786.20312,6.281415423,43.47299322,0.020082388,0.8,0.016065911,0.021662592,0.9436907,-2.21E-05,0.000214286,-1.39E-05,-6.15E-06,0.000245083,6.90E-07,1.59E-06,5.72E-07,1.27E-07,5.52E-06,3.60E-06,0.007877222,0.041753253,-6.21E-06,0.000316972,-7.01E-05,-6.20E-06,0.000239478,0.000299774,1.49E-07,-4.02E-07,3.50E-06,1.48E-07,1.05E-06,6.60E-06,0.001239221,-2.43E-05,1670,,525,1670,,525,0.004943204,-0.000878988,0.000851045,0.002205321,0.004957764,0.002840521,0.002596519,-0.008757574,-0.000470345,-0.005540325,-3.84216E+15,-0.015836534,0.005657638,-0.000119498,-0.000176125,0.000373228,0.00031398,0.000305854,-0.000166937,-0.000308183,-0.000342174,0.000820951,3.52E-06,0.000478933,0.000351713,0.00182972,0.000376738,4.57E-07,495,105,405,0.945672496,0.000253687,3.42E-05,0.848843479,7912.154828,0.94965724,0.014045265,0.018394721,1995,1,486.2868525,0.143778774,2178.366052,0.003647291,0.985086811,0.006167081,0.010011749,1670,3.66E-17,-1.94E-13,2.42E-10,9.51E-09,-0.000222777,0.994675024,0.985378737,0.006281338,0.009913275,1655,0.949218966,0.720160144,0.999922561,195.8575149,2004.893936,3000,0.956367425,0.013295207,0.017124982,765,1490,405,1.523746058,83983.14726,0.246165078,1.29E-10,4.61E-06,16.54655143,112462.2028,1.467438759,6.70E-12,-0.021598444,15.02280537,28479.05558,1.713603837,1.36E-10,-0.021603056,-0.019631235,-841.6990818,-0.000740034,-5.18E-14,6.15E-06,0.015317879,-28.34420951,-0.004962709,-1.39E-12,6.18E-06,0.000196726,12.44078923,3.71E-05,2.60E-15,-1.48E-07,0.00058662,0.368984447,-1.56E-05,2.70E-14,-1.49E-07,1.064493837,0.884446425,0.690886659,0.353114049,60,0.785896327,-0.000660259,1.92E-05
44,210412_MAPI_Devices,JV_PL_DF_MAPI_1sun_25C_70RH_air_2,YM20-6,EP4,TRUE,TRUE,TRUE,FALSE,25,70,21,1,1,0.001657905,7.08E+17,5.95E+16,0.023578338,1.04E+16,6.35E+17,1.56E+17,10.06254237,386.1905356,1.701490856,29.08442577,0.168511613,120,1.168327031,-5.86941E+14,6.30325E+14,0.538121335,121.3166052,28.07872685,51.2538532,-0.016499181,-0.194676192,0.877994406,-3.720964408,18.47408993,0.000574435,0.008202284,77569.60167,65921.97036,51089.0468,6.765153419,55.22952191,0.020175985,0.77,0.015535508,0.022854158,1.0039863,-1.06E-05,0.000267857,-3.04E-06,-9.60E-06,5.69E-05,2.44E-07,-4.37E-06,9.94E-08,4.30E-07,3.70E-06,5.17E-07,0.01106282,0.005933836,-8.97E-06,2.46E-05,0.000317215,-8.96E-06,-1.72E-05,0.000284849,4.13E-07,3.04E-06,-6.63E-06,4.14E-07,2.24E-06,-9.87E-06,0.00265811,2.06E-05,840,1080,525,840,1365,525,0.028486775,-0.010129772,-0.009340001,0.005754929,0.033088422,0.007909516,0.00564164,-0.025226043,-0.028042181,0.341875093,6.93863E+14,-0.021814652,-0.001369175,,-0.000520471,0.000189968,0.000121829,-0.000258154,-0.000601323,1.07E-05,-0.000173114,0.000491391,0.000589631,-0.012477278,-0.071686519,0.000630151,-0.000112781,,1320,510,360,0.658622008,-0.000278299,0.000218389,1,3092.340304,0.964085235,0.010919423,0.013803886,1995,0.482949791,37046.75974,0.595135288,919.4905079,0.003982666,0.996558434,0.00284344,0.004273099,825,-4.31E-15,9.80E-12,-8.16E-09,2.85E-06,-0.000592041,0.988074716,0.997269333,0.00286272,0.003806267,840,0.938033883,0.416574937,1.00E-10,212.4350633,1999.968501,3000,0.972112838,0.009707946,0.012163737,870,705,510,33.15044353,5336.079799,0.76269704,2.00E-07,5.19E-05,49.86804855,24437.86476,3.411634026,2.06E-07,-0.022818948,83.01849208,19101.78496,2.648936986,6.20E-09,-0.022870837,-0.004733168,-24.9398117,-0.005450672,-1.92E-09,8.95E-06,-0.023871356,-18.9929494,-0.004581701,-5.90E-11,8.93E-06,0.002642581,0.008514906,2.54E-05,3.21E-11,-4.17E-07,0.003993154,0.671085295,4.55E-05,1.75E-12,-4.17E-07,2.574225891,4.283696732,0.380896582,0.28318398,300,0.677068257,0.000121158,-1.12E-05
