,ClassID,ExptID,Temp (deg C),RH (%),Oxygen (%),Illum (Nsuns),MA fraction,Bleach Rate (polyfit) (1/min),Bleach Rate (1% inc) (1/min),Bleach Rate (2% inc) (1/min),Bleach Rate (5% inc) (1/min),Bleach Rate (fit to 1% inc) (1/min),Bleach Rate (fit to 2% inc) (1/min),Bleach Rate (fit to 5% inc) (1/min),tLD75 (min),dLDdt (1/min),dPLdt (1/min),LD_0 (nm),PLQY_0,xy1t0_0,xy0t1_0,xy0t1Norm_0,xy1t1_0,t0xy1_0,t1xy0_0,frac_bright_0,ddTr0,ddPL0,ddLD0,tPLmax,tPLmax10,tPL10,TrFail,PLFail,PLEnhance,pred_horiz,Ld1,Ld2,Ld3,Ld4,Ld5,Tr1,Tr2,Tr3,Tr4,Tr5,PL1,PL2,PL3,PL4,PL5,QFLS_0,Tr_end,Tr_finished,Ld_2min,Ld_4min,Ld_6min,Ld_8min,Ld_10min,PL_2min,PL_4min,PL_6min,PL_8min,PL_10min,Tr_2min,Tr_4min,Tr_6min,Tr_8min,Tr_10min
0,191203_Single_Sample_PL_PC_T_Combinatorial_Stress_Study,PL_PC_T_FAPIBr3_8Sun_25C_60RH_21pctO2_Unencap,25,63.1,21,8,0,-0.000577082,0.000304775,0.000432453,0.000499509,0.000374581,0.000503839,0.000581215,,0.010816827,0.100707469,154.6569169,0.001705319,5.60E+18,3.86E+17,0.018818566,6.67E+16,5.54E+18,7.97E+17,0.286571503,6.47E-05,0.023067174,0.002941091,,,,,,,6,1.005917366,1.016227729,1.026275709,1.043904962,1.05545626,0.998777756,0.997410442,0.99804441,0.997481264,0.998253448,1.039836851,1.126385174,1.255257014,1.395827266,1.582176971,1.222813492,1.065097625,1,1.016227729,1.043904962,1.070874809,1.111086676,1.153108585,1.126385174,1.395827266,1.786517223,2.254873018,2.783160863,0.997410442,0.997481264,0.998565291,0.998421363,0.999056473
1,191203_Single_Sample_PL_PC_T_Combinatorial_Stress_Study,PL_PC_T_FAPIBr3_8Sun_85C_60RH_21pctO2_Unencap,85,63.1,21,8,0,0.010670273,0.01272027,0.01272027,0.012165801,0.01272027,0.01272027,0.011583301,92,0.008114145,0.218307521,133.26483,0.001263225,3.73E+18,3.04E+17,0.019933277,4.82E+16,3.61E+18,9.68E+17,0.338172913,-0.000597307,0.001111578,0.00079694,112,228,338,1.719829794,6.942293492,4.949305894,12,0.999712943,1.025825381,1.046424413,1.057785711,1.063407659,1.025440541,1.048871508,1.069411688,1.084717154,1.105352625,1.368862918,1.859021997,2.323938067,2.705537633,3.006719293,1.215055757,7.862843171,1,0.999712943,1.025825381,1.046424413,1.057785711,1.063407659,1.368862918,1.859021997,2.323938067,2.705537633,3.006719293,1.025440541,1.048871508,1.069411688,1.084717154,1.105352625
2,191203_Single_Sample_PL_PC_T_Combinatorial_Stress_Study,PL_PC_T_FAPIBr3_8Sun_85C_20RH_21pctO2_Unencap,85,24.8,21,8,0,0.008912406,0.009993429,0.009992481,0.009198103,0.009993429,0.009363426,0.009112667,32,0.002889535,0.495270448,132.5806716,0.000455489,2.20E+18,1.51E+17,0.030828457,3.82E+16,2.19E+18,2.06E+17,0.171039581,-0.000204017,-0.02295771,-0.000757075,62,238,,1.231344769,7.278045388,5.216467946,12,1.006645711,1.021380478,1.026416909,1.019009747,1.000829683,1.019986857,1.037453706,1.054928829,1.07165307,1.086230081,1.957787709,3.259412632,4.266671466,4.798262601,5.11851936,1.188685453,4.983281088,0,1.006645711,1.021380478,1.026416909,1.019009747,1.000829683,1.957787709,3.259412632,4.266671466,4.798262601,5.11851936,1.019986857,1.037453706,1.054928829,1.07165307,1.086230081
3,191203_Single_Sample_PL_PC_T_Combinatorial_Stress_Study,PL_PC_T_FAPIBr3_32Sun_85C_60RH_21pctO2_Unencap,85,58.6,21,32,0,0.008145426,0.009853165,0.008811088,0.007700969,0.00896391,0.008486676,0.007515909,17,0.008179099,0.839964515,146.3655047,0.000854835,1.01E+19,7.47E+17,0.018044961,1.22E+17,9.79E+18,2.33E+18,0.396846771,-0.000637142,0.068016417,-0.004293684,88,169,,1.127512362,9.267959391,6.049957079,6,1.012968913,1.030257931,1.035938331,1.029410786,1.013935251,1.00988007,1.017927819,1.025606338,1.032863995,1.039975694,1.562189861,2.49471947,3.430653996,4.26559051,5.061980868,1.240798545,6.281687426,0,1.030257931,1.029410786,0.991885362,0.941153826,0.88833425,2.49471947,4.26559051,5.763721329,6.852396506,7.609255136,1.017927819,1.032863995,1.046677379,1.060056302,1.073442671
4,191203_Single_Sample_PL_PC_T_Combinatorial_Stress_Study,PL_PC_T_FAPIBr3_8Sun_25C_60RH_21pctO2_Unencap_3,25,58.4,21,8,0,0.000540611,0.000515863,0.000307755,0.000222911,0.000540611,0.000280642,0.000196417,,0.010493281,0.097783123,166.5972092,0.017513013,1.29E+20,3.25E+18,0.017986215,1.25E+18,1.29E+20,7.37E+18,0.550186157,-7.49E-06,-0.004494087,-0.000103333,,,,,,,30,1.036212984,1.119682856,1.173640799,1.193618124,1.256877582,1.002284383,1.006791446,1.009047832,1.010133546,1.011128552,1.754421255,2.256594883,2.687370522,2.978103451,3.206712796,1.283027534,1.297624716,1,1.014485194,1.028970387,1.052906958,1.086294907,1.119682856,1.301768502,1.603537004,1.85485598,2.055725432,2.256594883,1.000913753,1.001827506,1.003185796,1.004988621,1.006791446
5,191203_Single_Sample_PL_PC_T_Combinatorial_Stress_Study,PL_PC_T_FAPIBr3_8Sun_85C_60RH_100pctO2_Unencap_3,85,60,100,8,0,0.006696749,0.007811043,0.007140844,0.006429308,0.00761135,0.007082148,0.006262919,10,-0.03073492,0.002258676,173.7810975,0.001079687,1.45E+18,2.85E+17,0.021305142,3.00E+16,1.45E+18,2.24E+17,0.090354919,-0.000506025,0.007580372,0.00122381,70,167,,1.065173541,0.968087209,0.974574099,6,0.966292281,0.935166231,0.90534827,0.876797408,0.847497298,1.007966543,1.0152227,1.02118844,1.026872797,1.032994576,0.967473166,0.988205619,0.99942525,0.995317339,0.981292013,1.210997089,5.692729016,0,0.935166231,0.876797408,0.823365259,0.776284006,0.743535072,0.988205619,0.995317339,0.963730216,0.947695642,0.968087209,1.0152227,1.026872797,1.038907221,1.051473827,1.065173541
6,191203_Single_Sample_PL_PC_T_Combinatorial_Stress_Study,PL_PC_T_FAPIBr3_8Sun_25C_60RH_100pctO2_Unencap,25,60.6,100,8,0,-0.000362356,7.26E-05,0.000108385,0.000186998,9.49E-05,0.000129499,0.000198456,243,0.002931688,0.038539737,216.3513114,0.018083705,1.75E+19,3.27E+18,0.014526346,3.54E+17,1.70E+19,4.97E+18,0.670894623,9.43E-05,-0.006965068,-0.000170226,465,831,,1.0394202,2.282573011,2.15549204,18,1.007465498,1.019569752,1.031003237,1.032206447,1.023218933,0.996825727,0.995427166,0.995035997,0.995459521,0.995772922,1.316675914,1.391800867,1.449344524,1.511761742,1.56512814,1.283856528,1.131903673,1,1.004976998,1.011500249,1.019569752,1.027192075,1.031404307,1.211117276,1.341717565,1.391800867,1.430163305,1.470150264,0.997883818,0.99635954,0.995427166,0.995166387,0.995177172
7,191203_Single_Sample_PL_PC_T_Combinatorial_Stress_Study,PL_PC_T_FAPIBr3_32Sun_85C_60RH_100pctO2_Unencap,85,60.6,100,32,0,0.012486679,0.009256061,0.010526305,0.012426331,0.010610021,0.010610021,0.013279176,5,-0.056831445,0.080135882,137.9602231,0.001659316,1.43E+19,1.32E+18,0.01619736,1.88E+17,1.42E+19,1.44E+18,0.609393775,0.001421846,-0.007989059,-0.00431257,32,69,80,1.065909932,1.417693599,1.177928291,6,0.965979357,0.894949409,0.832286626,0.782689139,0.748216986,1.009019395,1.021220041,1.034659089,1.049613548,1.065909932,1.110306816,1.195917191,1.255169265,1.328248185,1.417693599,1.25794488,6.098097086,0,0.894949409,0.782689139,0.725171931,0.712098133,0.732258534,1.195917191,1.328248185,1.501414711,1.585773931,1.685787612,1.021220041,1.049613548,1.083919776,1.123090293,1.165014677
8,191203_Single_Sample_PL_PC_T_Combinatorial_Stress_Study,PL_PC_T_FAPIBr3_32Sun_25C_60RH_100pctO2_Unencap,25,58.6,100,32,0,-0.00024671,0.000111373,0.000149079,0.000175833,7.02E-05,0.000218038,0.000216808,160,-0.002024477,0.003922864,144.2240274,0.027081933,1.35E+20,1.20E+19,0.008897204,1.38E+18,1.32E+20,2.92E+19,0.702148438,4.03E-05,8.83E-05,0.00027414,105,,,1.024553041,1.445254999,1.352554337,30,0.980865987,0.954273496,0.951221939,0.964210108,0.97389483,0.99545454,0.994012348,0.994465135,0.994326941,0.993819947,1.023661932,1.020555317,1.047588729,1.086108197,1.126501248,1.330135306,1.285475585,0,0.992346395,0.98469279,0.975547489,0.964910493,0.954273496,1.009464773,1.018929546,1.023040609,1.021797963,1.020555317,0.998181816,0.996363632,0.995166101,0.994589225,0.994012348
9,191203_Single_Sample_PL_PC_T_Combinatorial_Stress_Study,PL_PC_T_FAPIBr3_8Sun_25C_20RH_100pctO2_Unencap,25,26.1,100,8,0,-0.000155041,6.60E-05,0.000100824,0.000165097,8.52E-05,0.000116953,0.000180339,75,-0.007280734,-0.017357174,166.5560703,0.024333436,9.53E+19,4.68E+18,0.016400411,9.37E+17,9.51E+19,6.52E+18,0.49615097,2.20E-05,0.001464707,0.00011773,0,,,0.999264312,0.615958293,0.666215926,30,0.964703435,0.911904482,0.8798106,0.860428077,0.845798486,0.997738627,0.99702111,0.996654449,0.996666074,0.996701739,0.818657987,0.721781255,0.667795214,0.641502034,0.626479361,1.291530409,1.335315386,0,0.985881374,0.971762748,0.954143644,0.933024063,0.911904482,0.927463195,0.854926389,0.79928264,0.760531948,0.721781255,0.999095451,0.998190902,0.997595124,0.997308117,0.99702111
10,191203_Single_Sample_PL_PC_T_Combinatorial_Stress_Study,PL_PC_T_FAPIBr3_32Sun_25C_20RH_100pctO2_Unencap,25,26.5,100,32,0,0.000117749,0.000231896,0.000303188,0.000414091,0.00029328,0.000356166,0.000452002,30,-0.011390136,-0.001173387,154.4914609,0.023241177,9.61E+19,1.11E+19,0.009600437,1.22E+18,9.40E+19,1.81E+19,0.644866943,4.88E-05,0.001002408,0.000406149,,,,1.005042177,1.006109901,0.952365931,30,0.926005677,0.829791647,0.799026117,0.778736384,0.760095251,0.996891111,0.997965239,0.999660398,1.001559092,1.003450833,0.922722103,0.905203504,0.933294396,0.965379174,0.987596407,1.326181483,,0,0.970402271,0.940804541,0.906762871,0.868277259,0.829791647,0.969088841,0.938177683,0.919218383,0.912210944,0.905203504,0.998756444,0.997512889,0.997105937,0.997535588,0.997965239
11,191203_Single_Sample_PL_PC_T_Combinatorial_Stress_Study,PL_PC_T_FAPIBr3_8Sun_25C_20RH_21pctO2_Unencap,25,20.4,21,8,0,-9.80E-05,,,,5.72E-05,5.72E-05,5.72E-05,,-0.002113074,0.020068892,171.7695648,0.024883896,1.45E+19,4.84E+18,0.015559583,5.10E+17,1.28E+19,8.17E+18,0.594795227,4.30E-05,-0.005035129,0.000134762,10,,,,,,30,0.982062113,0.9648061,0.960103479,0.958152457,0.959470982,0.996248941,0.996241009,0.996690553,0.997329397,0.997996028,1.502229319,1.520726981,1.507038514,1.499317705,1.495503608,1.292108703,1.009573414,1,0.992824845,0.98564969,0.97861091,0.971708505,0.9648061,1.200891727,1.401783455,1.505928851,1.513327916,1.520726981,0.998499576,0.996999153,0.996247355,0.996244182,0.996241009
12,191203_Single_Sample_PL_PC_T_Combinatorial_Stress_Study,PL_PC_T_FAPIBr3_8Sun_25C_20RH_21pctO2_Unencap_2,25,21.2,21,8,0,-9.07E-05,6.96E-05,8.29E-05,0.000102056,8.98E-05,9.76E-05,0.000108751,350,-0.004437185,-0.008427529,146.1488436,0.043696457,3.68E+19,7.94E+18,0.014565081,9.57E+17,3.56E+19,1.14E+19,0.512371063,2.16E-05,-0.00125101,0.000306428,5,,,1.032290664,,0.803905987,30,0.956128944,0.93074606,0.918491629,0.907889033,0.899604016,0.99809594,0.997695098,0.997636974,0.997961283,0.998246036,1.0690458,0.990902459,0.919083376,0.864292981,0.827569217,1.306664516,1.126270301,1,0.982451578,0.964903155,0.951052367,0.940899213,0.93074606,1.02761832,1.05523664,1.053417132,1.022159796,0.990902459,0.999238376,0.998476752,0.998015772,0.997855435,0.997695098
13,191203_Single_Sample_PL_PC_T_Combinatorial_Stress_Study,PL_PC_T_FAPIBr3_32Sun_85C_20RH_21pctO2_Unencap,85,21.2,21,32,0,0.004099265,0.003714844,0.004327283,0.005525899,0.003760736,0.004407783,0.005786118,15,-0.00623217,0.0531024,125.5170301,0.002404135,6.42E+19,1.78E+18,0.017720344,5.86E+17,6.27E+19,1.39E+19,0.634185791,0.000414425,0.113079373,-0.002737592,27,,,1.100149392,3.257488828,1.837394636,6,0.999190767,0.993318808,0.986872649,0.974998207,0.958589511,1.003397221,1.007008993,1.011331863,1.016529006,1.022110837,0.719800129,0.803627873,0.959285627,1.145769251,1.329544854,1.267530357,4.424140203,0,0.993318808,0.974998207,0.938010639,0.892214117,0.846248897,0.803627873,1.145769251,1.564102973,2.012788036,2.446808817,1.007008993,1.016529006,1.028394242,1.042181332,1.057368452
14,191203_Single_Sample_PL_PC_T_Combinatorial_Stress_Study,PL_PC_T_FAPIBr3_8Sun_85C_20RH_100pctO2_Unencap,85,21.6,100,8,0,0.013878992,0.019618591,0.019468179,0.014646076,0.019618591,0.016790356,0.013878992,42,0.019394634,0.980056742,118.7038836,0.00012816,7.16E+17,8.92E+16,0.069330573,2.67E+16,7.18E+17,6.32E+16,0.969127655,-0.002026069,-0.162431211,-0.001472378,79,,,1.677816994,9.306205685,5.523898932,6,1.012731388,1.048531962,1.06668441,1.06999666,1.062156716,1.019618591,1.033580712,1.045410887,1.056498814,1.067643623,2.270289538,3.423887378,4.311976957,4.87944,5.102974595,1.155902873,3.231372554,0,1.048531962,1.06999666,1.045063719,0.996583029,0.945181214,3.423887378,4.87944,5.094999205,4.892610792,4.709370079,1.033580712,1.056498814,1.078479781,1.100945572,1.124557193
15,191203_Single_Sample_PL_PC_T_Combinatorial_Stress_Study,PL_PC_T_FAPIBr3_32Sun_25C_20RH_21pctO2_Unencap_2,25,21.4,21,32,0,2.89E-05,0.000222722,0.000258477,0.000288314,0.000265851,0.000296128,0.000305534,807,0.00500446,0.439098717,105.6888948,0.002717124,4.53E+19,2.03E+18,0.015933423,4.44E+17,4.51E+19,4.36E+18,0.653083801,6.65E-05,-0.015184114,-0.000306665,195,,,1.340902355,18.78920303,17.30600133,18,1.018955561,1.038902261,1.051999323,1.058545019,1.060784444,0.998337674,0.99895903,0.999285339,0.999959587,1.000414033,2.488950003,4.060145827,5.302883646,6.179513934,6.706267777,1.270694215,1.412562186,1,1.012637041,1.025604461,1.038902261,1.047633635,1.054181221,1.992633335,3.012681944,4.060145827,4.888637707,5.595093742,0.998891783,0.998544793,0.99895903,0.999176569,0.999510088
16,191203_Single_Sample_PL_PC_T_Combinatorial_Stress_Study,PL_PC_T_FAPIBr3_32Sun_25C_20RH_21pctO2_Unencap,25,21.2,21,32,0,0.000725544,0.000707862,0.000500151,,0.00071816,0.000491332,0.000317223,,-0.003197402,0.00951256,128.2652204,0.03961655,8.22E+20,1.65E+19,0.009363449,5.71E+18,8.20E+20,4.31E+19,0.513320923,5.66E-06,5.98E-05,0.000133516,,,,,,,18,0.990236529,0.972082848,0.966411734,0.963951362,0.962609058,1.001894241,1.004039563,1.006452429,1.008604072,1.010572888,1.028093844,1.054225187,1.083858215,1.114806209,1.150270172,1.339968855,1.029015132,1,0.993491019,0.984185302,0.972082848,0.968302106,0.96559161,1.018729229,1.036804292,1.054225187,1.073980539,1.094174213,1.001262827,1.002609348,1.004039563,1.005648141,1.007169644
17,191203_Single_Sample_PL_PC_T_Combinatorial_Stress_Study,PL_PC_T_FAPIBr3_32Sun_85C_20RH_100pctO2_Unencap,85,21.8,100,32,0,0.016663128,0.017417571,0.017186392,0.016529921,0.017417571,0.016595926,0.016663128,6,-0.037192824,0.65088549,141.4560518,0.001378345,4.74E+19,1.08E+18,0.019956566,5.28E+17,4.74E+19,1.62E+18,0.993839264,3.65E-05,-0.10671867,-0.014496789,37,,,1.107940487,4.145112928,2.682962023,6,0.997776636,0.972308927,0.919119391,0.853364505,0.789453853,1.017417571,1.033191853,1.049561153,1.067243849,1.086771579,1.861657396,2.595436312,3.186068517,3.592221892,3.862388019,1.253148778,2.921681385,0,0.972308927,0.853364505,0.732135515,0.643266572,0.586660661,2.595436312,3.592221892,4.145112928,4.730860814,5.322569423,1.033191853,1.067243849,1.107940487,1.154395665,1.205717193
18,191203_Single_Sample_PL_PC_T_Combinatorial_Stress_Study,PL_PC_T_MAPI_32Sun_25C_60RH_100pctO2_Unencap,25,58.1,100,32,1,0.026061513,0.023560604,0.023560604,0.024663736,0.023560604,0.023560604,0.02544039,51,0.020924424,0.39930369,120.4139644,0.001340948,5.55E+18,1.09E+18,0.016229695,1.21E+17,5.36E+18,1.79E+18,0.9829216,0.000981097,-0.066015753,0.000733293,39,,,4.420367512,7.766792299,6.681647703,6,1.013006082,1.044676901,1.064973796,1.078638265,1.093643653,1.023560604,1.049264621,1.076233294,1.103971219,1.13303199,1.578916586,2.06110717,2.34104866,2.615452414,2.844242258,1.252437681,5.216046651,0,1.044676901,1.078638265,1.107406935,1.150599503,1.206990723,2.06110717,2.615452414,3.078668803,3.631793383,4.262040811,1.049264621,1.103971219,1.162716641,1.225115607,1.292577464
19,191203_Single_Sample_PL_PC_T_Combinatorial_Stress_Study,PL_PC_T_MAPI_32Sun_25C_60RH_21pctO2_Unencap,25,57,21,32,1,0.032153665,0.028001446,0.028001446,0.029450415,0.028001446,0.028001446,0.029764217,33,0.023972459,0.31881597,123.7375286,0.001469538,1.76E+19,1.14E+18,0.015837739,2.06E+17,1.75E+19,1.85E+18,0.984077454,0.001606117,-0.069040548,-0.005918302,44,,,3.090732477,10.69384886,5.842149493,6,1.037916492,1.069135774,1.085087217,1.096276932,1.104938106,1.028001446,1.059528435,1.093267186,1.128135453,1.164065157,1.513071936,1.877332388,2.095308613,2.30296151,2.565513226,1.254804977,5.410728178,0,1.069135774,1.096276932,1.11484592,1.142957686,1.165955535,1.877332388,2.30296151,2.82632423,3.44895136,4.078925396,1.059528435,1.128135453,1.201774257,1.28370407,1.377118863
20,191203_Single_Sample_PL_PC_T_Combinatorial_Stress_Study,PL_PC_T_MAPI_32Sun_25C_20RH_21pctO2_Unencap,25,18.7,21,32,1,0.007659286,0.007013744,0.00735193,0.008064066,0.007201874,0.007418584,0.008218057,125,0.042273505,0.317856497,101.3085176,0.001035964,1.90E+19,8.34E+17,0.017004351,1.94E+17,1.43E+19,1.11E+19,0.980293274,0.000412679,-0.049593114,-0.000603024,66,,,4.925851376,7.257547583,7.684753059,6,1.036283565,1.092099479,1.132482893,1.163267862,1.187073979,1.006734758,1.014403748,1.022172284,1.030577667,1.039132871,1.415536508,1.769109157,2.061425323,2.266338077,2.408281093,1.245766746,6.107720818,0,1.092099479,1.163267862,1.206630441,1.23783853,1.260762298,1.769109157,2.266338077,2.514276383,2.628208369,2.785734911,1.014403748,1.030577667,1.048195357,1.066051183,1.084114692
21,191203_Single_Sample_PL_PC_T_Combinatorial_Stress_Study,PL_PC_T_MAPI_32Sun_25C_20RH_100pctO2_Unencap,25,18.7,100,32,1,0.008170696,0.007064201,0.007618537,0.008860389,0.007311094,0.007758192,0.009007017,96,0.01767634,0.218344549,124.520823,0.001506779,1.34E+19,1.17E+18,0.015786276,1.57E+17,1.32E+19,2.60E+18,0.770954132,0.000630491,-0.033755489,0.000289518,63,,,3.839106878,5.756643669,5.127417178,6,1.014386169,1.036376302,1.053943431,1.06860307,1.080437868,1.006713058,1.014622188,1.023224264,1.032597876,1.04297673,1.289785078,1.517201618,1.72398576,1.874622402,2.014285415,1.255451951,4.776434602,0,1.036376302,1.06860307,1.09094198,1.108348175,1.123145224,1.517201618,1.874622402,2.085559515,2.28847706,2.486585946,1.014622188,1.032597876,1.053897813,1.077140532,1.101843349
22,191203_Single_Sample_PL_PC_T_Combinatorial_Stress_Study,PL_PC_T_MAPI_8Sun_25C_60RH_100pctO2_Unencap,25,62.4,100,8,1,0.026814381,0.024826036,0.024826036,0.024445141,0.024826036,0.024826036,0.025617528,24,-0.001009215,0.11008259,130.600727,0.000670434,7.41E+17,1.93E+17,0.023100344,2.45E+16,5.90E+17,4.81E+17,0.882377625,0.001132934,9.42E-05,0.002795865,44,,,2.321065642,18.01420327,4.641912824,6,0.988417135,0.987699334,0.992328356,0.992998316,1.00301312,1.024826036,1.048695311,1.077435334,1.107767256,1.141749659,1.115054898,1.224537779,1.329007463,1.443436667,1.523526681,1.198678635,4.303712798,0,0.987699334,0.992998316,1.000568114,1.00022553,0.998362077,1.224537779,1.443436667,1.62488884,1.771310335,2.079316196,1.048695311,1.107767256,1.179716284,1.269631479,1.37574455
23,191203_Single_Sample_PL_PC_T_Combinatorial_Stress_Study,PL_PC_T_MAPI_8Sun_85C_60RH_100pctO2_Unencap,85,62.7,100,8,1,0.099799982,0.086898166,0.086898166,0.086898166,0.086898166,0.086898166,0.086898166,26,0.040358852,0.053750177,118.5717508,0.000534679,1.60E+18,2.27E+17,0.03584867,4.17E+16,1.59E+18,3.14E+17,0.004943848,0.005014777,0.099623555,0.025600395,15,23,24,7.473637813,0.030716445,1.120686353,6,0.972831257,1.009917088,1.071986846,1.152216466,1.250933954,1.086898166,1.184186829,1.289286364,1.397805812,1.508098854,0.709859432,0.889693632,1.017195597,1.115082803,1.176292071,1.192829428,8.683059515,1,1.009917088,1.152216466,1.345988651,1.481730796,1.548920525,0.889693632,1.115082803,1.23180803,1.333449489,1.441254804,1.184186829,1.397805812,1.619074942,1.84219964,2.068614401
24,191203_Single_Sample_PL_PC_T_Combinatorial_Stress_Study,PL_PC_T_MAPI_32Sun_85C_60RH_100pctO2_Unencap,85,61.9,100,32,1,0.123544641,0.098495478,0.098495478,0.098495478,0.098495478,0.098495478,0.098495478,13,0.066615224,0.21808203,95.85529394,0.000429503,5.00E+18,3.92E+17,0.019027425,6.05E+16,4.98E+18,5.57E+17,0.91960907,0.012336056,-0.03749295,0.021470933,7,12,12,6.810406775,0.020741299,1.436656603,6,1.023945485,1.070730377,1.152189822,1.268953951,1.391911944,1.098495478,1.212303628,1.343737411,1.49510224,1.670475304,1.262069749,1.57305488,1.75656181,1.84316412,1.899994153,1.223005185,9.346937404,1,1.070730377,1.268953951,1.485007782,1.516763082,1.149279848,1.57305488,1.84316412,1.971641359,2.017533479,1.159389102,1.212303628,1.49510224,1.878135699,2.463120871,3.988627958
25,191203_Single_Sample_PL_PC_T_Combinatorial_Stress_Study,PL_PC_T_FAPbIBr3_32Sun_25C_60RH_21pctO2_Unencap,25,63.3,21,32,0,-0.000328629,7.19E-05,0.00012018,0.000214899,0.000101275,0.000156638,0.000252013,635,0.003223945,0.027188287,138.6083201,0.033991705,5.55E+20,1.36E+19,0.008497082,3.07E+18,5.54E+20,3.94E+19,0.646766663,4.09E-05,-0.001481691,0.000132203,,,,1.35840673,,2.020472894,30,1.002380121,1.01546821,1.042293834,1.060641772,1.073549542,0.995198898,0.994477136,0.993440015,0.992663712,0.991967479,1.236845375,1.374112082,1.477487877,1.559385922,1.629872626,1.336010142,1.786194359,0,1.000952048,1.001904097,1.004997739,1.010232974,1.01546821,1.09473815,1.1894763,1.264298717,1.319205399,1.374112082,0.998079559,0.996159118,0.995054546,0.994765841,0.994477136
26,191203_Single_Sample_PL_PC_T_Combinatorial_Stress_Study,PL_PC_T_MAPI_8Sun_85C_20RH_100pctO2_Unencap,85,21.6,100,8,1,0.109677642,0.091337109,0.091337109,0.091337109,0.091337109,0.091337109,0.091337109,21,0.012342325,0.332510197,154.6144238,0.000305462,1.15E+18,1.55E+17,0.042961349,3.30E+16,1.15E+18,1.32E+17,0.996944427,0.007415555,-0.137657264,0.008903748,13,22,24,5.493084933,0.496895812,2.47396815,6,0.987286756,1.0062977,1.022067639,1.044321186,1.077637204,1.091337109,1.196512608,1.313761797,1.437175864,1.56622568,1.710515896,2.094203855,2.266764976,2.384426447,2.496591091,1.178356419,8.866860752,1,1.0062977,1.044321186,1.115773463,1.198172539,1.262501555,2.094203855,2.384426447,2.620873924,2.869248188,3.094279801,1.196512608,1.437175864,1.69852682,1.970630522,2.253795476
27,191203_Single_Sample_PL_PC_T_Combinatorial_Stress_Study,PL_PC_T_MAPI_32Sun_85C_20RH_21pctO2_Unencap,85,26.4,21,32,1,0.024960036,0.027039095,0.027039095,0.025986343,0.027039095,0.027039095,0.025943102,23,-0.044466242,-0.210186803,145.3348089,0.000377437,6.62E+18,3.56E+17,0.019833852,8.23E+16,6.59E+18,5.63E+17,0.292045593,-0.000724369,0.108538778,0.003689903,0,44,44,1.608530295,0.146681497,0.175929522,6,0.95617243,0.886733851,0.851930598,0.829789707,0.815475658,1.027039095,1.051886204,1.076191042,1.100224208,1.124514068,0.495354306,0.189936916,0.143610367,0.124937953,0.114092345,1.21966448,7.952375149,0,0.886733851,0.829789707,0.804759615,0.790115915,0.778912258,0.189936916,0.124937953,0.108664343,0.104089682,0.104499909,1.051886204,1.100224208,1.148875319,1.198167886,1.248501923
28,191203_Single_Sample_PL_PC_T_Combinatorial_Stress_Study,PL_PC_T_MAPI_32Sun_85C_60RH_21pctO2_Unencap,85,61.9,21,32,1,0.01871506,0.018995191,0.018944208,0.018615858,0.018995191,0.018512296,0.018585669,39,-0.034850717,-0.191505952,108.7429108,0.000147562,2.55E+18,1.74E+17,0.025582577,3.47E+16,1.21E+18,2.20E+18,0.17263031,-3.41E-06,0.232401566,0.006257832,0,1,1,2.172737839,0.058438139,0.072093132,6,0.95696197,0.897516572,0.876381375,0.866036713,0.861689224,1.018995191,1.037024593,1.05594243,1.07510168,1.094831942,0.067193737,0.05599733,0.051898406,0.050117904,0.048584722,1.195385457,5.667027896,0,0.897516572,0.866036713,0.859739222,0.856913167,0.85586864,0.05599733,0.050117904,0.047970534,0.046563049,0.045643717,1.037024593,1.07510168,1.115199392,1.157422111,1.201450811
29,191203_Single_Sample_PL_PC_T_Combinatorial_Stress_Study,PL_PC_T_MAPI_8Sun_85C_20RH_21pctO2_Unencap,85,25.1,21,8,1,0.021729363,0.022187977,0.022187977,0.022325626,0.022187977,0.022187977,0.022138335,85,-0.009063967,-0.051555521,155.6327063,0.000322747,2.05E+18,1.33E+17,0.037060836,4.77E+16,2.05E+18,9.67E+16,0.879310608,-0.000379396,-0.010441604,0.004924089,1,,,3.715668976,0.342590884,0.745453812,6,0.98294382,0.979615168,0.963981883,0.964161132,0.963970548,1.022187977,1.044887179,1.066228049,1.086626778,1.110352442,1.038504492,0.996667127,0.856295597,0.833326841,0.757354916,1.179779459,4.953120126,0,0.979615168,0.964161132,0.966334357,0.97377918,0.980170139,0.996667127,0.833326841,0.724514596,0.667615949,0.629829944,1.044887179,1.086626778,1.130886531,1.176071403,1.220331749
30,191203_Single_Sample_PL_PC_T_Combinatorial_Stress_Study,PL_PC_T_MAPI_32Sun_85C_20RH_100pctO2_Unencap,85,24.4,100,32,1,0.142841716,0.106548444,0.106548444,0.106548444,0.106548444,0.106548444,0.106548444,10,0.011619048,0.257808403,139.8578723,0.000634241,5.74E+18,5.63E+17,0.01806477,7.84E+16,5.72E+18,6.88E+17,0.990585327,0.016930915,-0.154280094,0.00484236,4,11,11,5.957172611,0.289115527,1.668552468,6,1.002862361,1.007559537,1.023379978,1.047836431,1.077367902,1.106548444,1.235895267,1.391917128,1.571524239,1.782886745,1.675000885,2.022926877,2.084019132,2.084532892,2.070291533,1.233082288,10.0853992,1,1.007559537,1.047836431,1.099703806,0.976072432,0.638463629,2.022926877,2.084532892,1.951134717,1.30023563,0.289115527,1.235895267,1.571524239,2.052167225,3.227795927,5.957172611
31,191203_Single_Sample_PL_PC_T_Combinatorial_Stress_Study,PL_PC_T_MAPI_8Sun_25C_20RH_100pctO2_Unencap,25,24,100,8,1,0.006908038,0.006529035,0.006669656,0.007470318,0.006428174,0.006612721,0.007499334,135,0.000753709,0.185466943,127.1705364,0.000931014,1.79E+18,2.48E+17,0.021501032,3.33E+16,1.75E+18,4.68E+17,0.990398407,0.000233946,-0.026467933,0.005847608,56,,,4.679155356,3.579496278,4.108282814,6,0.980892185,0.988252212,0.993561453,0.997433912,0.996530768,1.006757993,1.012856349,1.020009619,1.027914377,1.035392764,1.256846574,1.438252027,1.605126269,1.753194869,1.881153915,1.20716708,6.14095759,0,0.988252212,0.997433912,1.003702179,1.007638668,1.011474019,1.438252027,1.753194869,2.009000275,2.230120591,2.423137522,1.012856349,1.027914377,1.043804119,1.062064844,1.082045803
32,191203_Single_Sample_PL_PC_T_Combinatorial_Stress_Study,PL_PC_T_TripCat_8Sun_25C_60RH_21pctO2_Unencap,25,58.1,21,8,0.5,0.007506142,0.00833667,0.00833667,0.00823157,0.00833667,0.00833667,0.008039513,,0.030316943,0.273926187,154.3001619,0.002766095,5.86E+18,5.76E+17,0.016875144,8.91E+16,5.61E+18,1.52E+18,0.934272766,-7.44E-05,-0.010310067,-0.000453828,75,,,,,,30,1.145373456,1.376988636,1.501376683,1.579921954,1.625661279,1.04168335,1.080395127,1.116511028,1.150239713,1.181679581,2.933104762,4.661490808,5.700343766,6.464535182,7.03841945,1.235317652,1.76177706,1,1.058149382,1.116298765,1.191696492,1.284342564,1.376988636,1.773241905,2.54648381,3.278781971,3.97013639,4.661490808,1.01667334,1.03334668,1.049425706,1.064910416,1.080395127
33,191203_Single_Sample_PL_PC_T_Combinatorial_Stress_Study,PL_PC_T_TripCat_32Sun_25C_60RH_21pctO2_Unencap,25,64.4,21,32,0.5,0.007461618,0.009091757,0.009091757,0.008912,0.009091757,0.009091757,0.008265669,995,0.008916396,0.091116317,106.2123979,0.01077556,1.83E+20,7.00E+18,0.013918831,1.55E+18,1.83E+20,1.43E+19,0.809936523,-0.000115406,-0.000499457,1.72E-05,830,,,1.738863311,,7.11951812,30,1.039576101,1.097358887,1.136722137,1.174336889,1.204351505,1.045458786,1.082656689,1.117248597,1.150645551,1.183388493,1.460690418,1.951985031,2.403626107,2.806440087,3.168021838,1.306310551,1.844526279,0,1.01583044,1.03166088,1.051132658,1.074245772,1.097358887,1.184276167,1.368552334,1.55894934,1.755467186,1.951985031,1.018183514,1.036367029,1.052898367,1.067777528,1.082656689
34,191203_Single_Sample_PL_PC_T_Combinatorial_Stress_Study,PL_PC_T_TripCat_32Sun_85C_60RH_21pctO2_Unencap,85,59.9,21,32,0.5,0.005319237,0.005992447,0.005992447,0.005750129,0.005992447,0.005992447,0.005707358,265,0.000114595,0.018878927,134.3661985,0.000931445,1.71E+19,7.38E+17,0.017522829,1.71E+17,1.71E+19,1.63E+18,0.630748749,-5.15E-05,0.000979953,-1.12E-05,690,,,1.479899303,2.730820987,2.174540114,30,1.001495775,1.002227911,1.00224953,1.002487989,1.004491596,1.029962236,1.057073578,1.082346822,1.106788631,1.129899645,1.033576886,1.11882169,1.23411927,1.37170198,1.517893659,1.24301738,8.392199764,0,1.00059831,1.00119662,1.001642202,1.001935057,1.002227911,1.013430754,1.026861509,1.050625847,1.084723769,1.11882169,1.011984894,1.023969789,1.035384504,1.046229041,1.057073578
35,191203_Single_Sample_PL_PC_T_Combinatorial_Stress_Study,PL_PC_T_TripCat_32Sun_85C_20RH_100pctO2_Unencap,85,24.4,100,32,0.5,0.028257885,0.02931704,0.02931704,0.028876434,0.02931704,0.02931704,0.028795577,37,0.00412137,-0.008165502,111.8314116,0.000866065,1.65E+19,6.93E+17,0.018058092,1.67E+17,1.65E+19,7.43E+17,0.357658386,-0.000425068,0.018008288,0.000100419,,,,2.07264903,4.131316055,2.53916434,6,1.00331909,1.009463577,1.012745435,1.015893677,1.020612207,1.02931704,1.057591154,1.085590726,1.113152584,1.141202906,0.950679916,0.899305246,0.930226761,0.969399067,1.027126727,1.241135951,3.644669203,0,1.009463577,1.015893677,1.025572827,1.036562676,1.04653046,0.899305246,0.969399067,1.086540942,1.258130035,1.493457135,1.057591154,1.113152584,1.169883501,1.229997627,1.292523718
36,191203_Single_Sample_PL_PC_T_Combinatorial_Stress_Study,PL_PC_T_TripCat_32Sun_25C_20RH_21pctO2_Unencap,25,20,21,32,0,0.00191298,0.003207801,0.002883636,0.001554369,0.003207801,0.002627049,0.001394716,935,0.000893241,0.026228783,111.8736234,0.013044505,7.78E+19,8.01E+18,0.012369054,9.50E+17,7.66E+19,1.57E+19,0.616153717,-0.000100678,-0.002117336,-3.76E-05,,,,1.463589947,,2.957661086,30,1.005908934,1.013451282,1.016078867,1.017246065,1.018909408,1.016039005,1.026270493,1.033631327,1.039028351,1.043982672,1.308030088,1.402748872,1.478195088,1.570637085,1.68587154,1.311250495,0.000628846,1,1.002363574,1.004727148,1.007417404,1.010434343,1.013451282,1.123212035,1.24642407,1.326973845,1.364861358,1.402748872,1.006415602,1.012831204,1.018085303,1.022177898,1.026270493
37,191203_Single_Sample_PL_PC_T_Combinatorial_Stress_Study,PL_PC_T_TripCat_32Sun_85C_20RH_21pctO2_Unencap,85,24.5,21,32,0.5,0.021490261,0.026746191,0.026746191,0.026746191,0.026746191,0.026746191,0.026746191,45,-0.002964847,0.117496984,131.4896902,0.000819093,1.01E+19,6.75E+17,0.017113694,1.09E+17,9.89E+18,2.05E+18,0.372676849,-0.00046812,,-0.000148518,,,,1.799874806,,1.730003371,30,0.992053058,0.977040593,0.963005693,0.940402504,0.908695388,1.133730954,1.249207173,1.347141031,1.430551499,1.506507226,1.545770771,2.17496984,2.199272872,,,1.239694395,2.220453642,0,0.996821223,0.993642447,0.989050565,0.983045579,0.977040593,1.218308309,1.436616617,1.671610585,1.923290213,2.17496984,1.053492382,1.106984763,1.156826198,1.203016686,1.249207173
38,191203_Single_Sample_PL_PC_T_Combinatorial_Stress_Study,PL_PC_T_TripCat_8Sun_85C_20RH_100pctO2_Unencap,85,24.8,100,8,0.5,0.019115751,0.020912765,0.020912765,0.019733217,0.020912765,0.020912765,0.019564308,7,-0.028188494,0.093919148,162.7341954,0.000536671,1.97E+18,1.62E+17,0.025489926,3.09E+16,1.96E+18,2.02E+17,0.910381317,-0.000830061,-0.046317966,-0.008745942,58,,,1.14614242,1.254520974,1.274760886,6,0.990647002,0.970187578,0.934507899,0.887127081,0.835331326,1.020912765,1.039780948,1.058924965,1.076572655,1.101148224,1.204463441,1.315065663,1.375158507,1.384248208,1.347451984,1.19292553,7.733201284,0,0.970187578,0.887127081,0.783727143,0.684857691,0.610581366,1.315065663,1.384248208,1.296938397,1.222001845,1.274963353,1.039780948,1.076572655,1.122648063,1.169982828,1.222434319
39,191203_Single_Sample_PL_PC_T_Combinatorial_Stress_Study,PL_PC_T_TripCat_8Sun_25C_20RH_21pctO2_Unencap,25,24.8,21,8,0.5,0.00267529,0.002660976,0.002811044,0.002672321,0.002660976,0.002913412,0.00267529,,0.006004255,0.13911464,140.528801,0.002454354,6.79E+18,5.22E+17,0.017524516,8.42E+16,6.71E+18,1.07E+18,0.881690979,5.67E-06,-0.00029421,6.37E-05,105,,,,,,30,1.019940662,1.06007977,1.090474845,1.114839275,1.135684504,1.013304879,1.029134118,1.040385708,1.053341836,1.064452577,1.638089812,2.577330724,3.171503783,3.711159023,4.344698486,1.232226467,1.855651683,1,1.007976265,1.015952529,1.027968483,1.044024127,1.06007977,1.255235925,1.510471849,1.825937994,2.201634359,2.577330724,1.005321952,1.010643903,1.016470727,1.022802423,1.029134118
40,191203_Single_Sample_PL_PC_T_Combinatorial_Stress_Study,PL_PC_T_TripCat_8Sun_85C_60RH_21pctO2_Unencap_2,85,60.3,21,8,0.5,0.016538915,0.016438133,0.016476256,0.016293273,0.016438133,0.01654632,0.016538915,199,0.005883164,-0.138600223,103.4447988,0.000179808,1.57E+18,9.10E+16,0.053638798,3.38E+16,1.57E+18,9.79E+16,0.325984955,0.000374684,0.14722034,0.001130016,,,,2.577740192,,3.781789746,6,0.999817523,1.010348102,1.017154547,1.020747306,1.023557899,1.016438133,1.033092641,1.048780117,1.066523581,1.083766696,0.401464304,0.376777403,0.345766749,0.334847663,0.329568952,1.164656553,4.573801318,0,1.010348102,1.020747306,1.045104244,1.040574639,1.065834125,0.376777403,0.334847663,0.318680158,0.304036189,0.304627837,1.033092641,1.066523581,1.101391416,1.138607789,1.177570109
41,191203_Single_Sample_PL_PC_T_Combinatorial_Stress_Study,PL_PC_T_TripCat_8Sun_85C_20RH_21pctO2_Unencap,85,22.1,21,8,0.5,0.014913794,0.018520448,0.01812684,0.015188553,0.018520448,0.016419144,0.014913794,35,0.000321056,0.170902381,184.4794497,0.000868497,2.74E+18,2.25E+17,0.021554521,3.68E+16,2.73E+18,2.82E+17,0.746543884,-0.000615918,-0.001581519,-0.000717838,,,,1.346805396,2.850663339,2.607456488,6,0.999999879,1.003774891,1.003521573,0.999844436,0.994328951,1.018520448,1.032838288,1.045413908,1.061122239,1.074547315,1.167875753,1.33409546,1.51586067,1.680519446,1.839511244,1.205370097,1.508979409,1,1.003774891,0.999844436,0.987354029,0.972632285,0.956281741,1.33409546,1.680519446,2.004099618,2.285296318,2.563861832,1.032838288,1.061122239,1.084796833,1.109545545,1.131839096
42,191203_Single_Sample_PL_PC_T_Combinatorial_Stress_Study,PL_PC_T_TripCat_32Sun_25C_20RH_100pctO2_Unencap,25,21.6,100,32,0.5,0.00258934,0.002667959,0.001968872,0.001178515,0.00258934,0.001816464,0.001053191,61,-0.008706234,0.084410718,133.2642457,0.021225945,9.58E+19,1.05E+19,0.009951613,1.20E+18,9.26E+19,2.63E+19,0.648597717,-0.00042887,-0.021429814,0.000131435,220,,,1.064310766,1.54423549,1.519453936,6,0.99266174,0.980149919,0.972435199,0.966582098,0.961066964,1.003653959,1.006353489,1.008615177,1.01046609,1.012316842,1.141104262,1.223739384,1.293232715,1.345989362,1.387859647,1.323836682,1.198198438,1,0.980149919,0.966582098,0.955826862,0.947166958,0.936541078,1.223739384,1.345989362,1.422731079,1.474263232,1.51058125,1.006353489,1.01046609,1.013945624,1.016908903,1.019792262
43,191203_Single_Sample_PL_PC_T_Combinatorial_Stress_Study,PL_PC_T_TripCat_8Sun_25C_20RH_100pctO2_Unencap,25,21.7,100,8,0.5,0.001967792,0.001859094,0.001991699,0.001928483,0.001888626,0.002041044,0.001979859,300,0.006522527,0.021513813,145.7912015,0.006940798,1.49E+19,1.33E+18,0.015606095,1.78E+17,1.45E+19,3.66E+18,0.538333893,5.25E-05,-0.000425528,0.000566873,,,,1.163130614,,2.275804608,12,1.004903569,1.02007029,1.035735829,1.049809135,1.060043903,1.003291847,1.006968399,1.011365322,1.015641178,1.019912136,1.048804587,1.089329725,1.131479565,1.173800644,1.21469896,1.259100889,1.390254078,0,1.004903569,1.02007029,1.035735829,1.049809135,1.060043903,1.048804587,1.089329725,1.131479565,1.173800644,1.21469896,1.003291847,1.006968399,1.011365322,1.015641178,1.019912136
44,191203_Single_Sample_PL_PC_T_Combinatorial_Stress_Study,PL_PC_T_TripCat_8Sun_85C_60RH_100pctO2_Unencap,85,59.6,100,8,0.5,0.041229138,0.047257314,0.047257314,0.046951084,0.047257314,0.047257314,0.044746334,25,0.009244437,0.623741233,100.4575785,6.94E-05,3.41E+17,6.21E+16,0.080464684,1.28E+16,3.32E+17,8.89E+16,0.942005157,-0.00243432,0.092917216,0.004619267,,,,1.672645641,12.42849867,7.397096147,6,0.985356427,1.001976213,1.022815354,1.02749272,1.038723967,1.047257314,1.089492668,1.128588186,1.165480255,1.198613018,1.407009866,1.966069348,2.675622431,3.484399883,4.214205579,1.140050359,2.766461944,0,1.001976213,1.02749272,1.042806146,1.046173423,1.034459753,1.966069348,3.484399883,4.842044926,6.279795082,7.572077699,1.089492668,1.165480255,1.229155196,1.280220343,1.324108712
45,191203_Single_Sample_PL_PC_T_Combinatorial_Stress_Study,PL_PC_T_TripCat_32Sun_85C_60RH_100pctO2_Unencap,85,62.7,100,32,0.5,0.036757219,0.041153297,0.041153297,0.040153689,0.041153297,0.041153297,0.038615269,11,-0.018424854,0.419954133,111.5488951,0.000806122,1.78E+19,6.53E+17,0.018248836,1.66E+17,1.78E+19,1.31E+18,0.97700119,-0.001487636,0.048486178,-0.008633975,35,,,1.432564295,5.88614779,2.918309916,6,1.00241974,0.988434681,0.962406875,0.927882164,0.890860783,1.041153297,1.077230539,1.112836206,1.147944642,1.181783074,1.411056744,1.789721879,2.137632344,2.736482865,2.760254865,1.239281716,5.697943244,0,0.988434681,0.927882164,0.853752629,0.797232721,0.753709496,1.789721879,2.736482865,3.03907927,0,5.537939015,1.077230539,1.147944642,1.221064024,1.30154223,1.385981799
46,191203_Single_Sample_PL_PC_T_Combinatorial_Stress_Study,PL_PC_T_TripCat_32Sun_25C_60RH_100pctO2_Unencap,25,63.4,100,32,0.5,0.006672406,0.006752212,0.006716865,0.006203247,0.006783641,0.006731592,0.006147026,,0.0046281,0.167107315,86.41502893,0.001254636,1.30E+19,9.67E+17,0.015819671,1.44E+17,1.27E+19,3.07E+18,0.64371109,-3.69E-05,0.001197611,-5.14E-05,,,,,,,6,1.006101411,1.009248163,1.01339674,1.019492836,1.023225364,1.006693956,1.013567282,1.020147531,1.026635242,1.032563884,1.167122906,1.331995396,1.497975446,1.670110306,1.849745081,1.250717711,1.793134089,0,1.009248163,1.019492836,1.025675398,1.034214386,1.043980605,1.331995396,1.670110306,2.02980514,2.424053747,2.83446753,1.013567282,1.026635242,1.038500161,1.049649553,1.060474883
47,191203_Single_Sample_PL_PC_T_Combinatorial_Stress_Study,PL_PC_T_TripCat_8Sun_25C_60RH_100pctO2_Unencap,25,60.2,100,8,0.5,0.006789533,0.005143158,0.005143158,0.005316062,0.005143158,0.005143158,0.005327729,,0.009822827,0.129967729,98.71163104,0.004056013,3.16E+19,7.65E+17,0.020548564,2.92E+17,3.16E+19,1.62E+18,0.708011627,0.000189291,-0.001483601,-0.000271884,100,,,,,,30,1.045725618,1.125299408,1.171100514,1.182883215,1.177309257,1.025715792,1.053277292,1.090658271,1.137267078,1.190513019,1.630030856,2.387649354,3.065642013,3.531387642,3.860648035,1.245212832,6.706891996,0,1.018290247,1.036580494,1.061640376,1.093469892,1.125299408,1.252012342,1.504024685,1.781554556,2.084601955,2.387649354,1.010286317,1.020572634,1.031228092,1.042252692,1.053277292
48,191203_Single_Sample_PL_PC_T_Combinatorial_Stress_Study,PL_PC_T_FAPIBr3_8Sun_25C_60RH_21pctO2_Unencap_2,25,59.6,21,8,0,-0.000511369,3.16E-05,5.16E-05,9.06E-05,6.02E-05,7.46E-05,0.000108409,,0.012741332,0.590086033,110.6905927,0.001308193,5.67E+18,3.15E+17,0.020550765,7.26E+16,5.59E+18,8.28E+17,0.964012146,7.91E-05,-0.004694666,-2.41E-05,,,,,,,30,1.042935032,1.149507534,1.206290658,1.236855488,1.255266688,0.991631172,0.989469808,0.988793825,0.988634439,0.988880694,3.778752449,7.996707175,10.45598444,12.41353483,14.07905085,1.215960022,1.123125345,1,1.017174013,1.034348026,1.064249532,1.106878533,1.149507534,2.11150098,3.223001959,4.622343394,6.309525285,7.996707175,0.996652469,0.993304938,0.991198899,0.990334354,0.989469808
49,191203_Single_Sample_PL_PC_T_Combinatorial_Stress_Study,PL_PC_T_FAPIBr3_8Sun_25C_60RH_21pctO2_Unencap_4,25,59.4,21,8,0,-0.000245464,1.53E-05,2.73E-05,5.42E-05,1.29E-05,2.28E-05,4.99E-05,570,-0.00080685,0.000535067,157.6885183,0.044149153,7.48E+19,7.97E+18,0.014602175,1.16E+18,7.42E+19,9.29E+18,0.506950378,3.20E-05,0.00097283,0.000256289,,,,1.001367517,,1.19275413,30,0.977247687,0.972845732,0.976038122,0.980433542,0.988215826,0.996421581,0.994486685,0.994684818,0.99473177,0.995076683,0.932308795,0.928476756,0.961687188,0.998687472,1.032790117,1.306930964,1.05491071,1,0.990899075,0.98179815,0.976367296,0.974606514,0.972845732,0.972923518,0.945847036,0.931542387,0.930009572,0.928476756,0.998568632,0.997137265,0.996034601,0.995260643,0.994486685
50,191203_Single_Sample_PL_PC_T_Combinatorial_Stress_Study,PL_PC_T_TripCat_8Sun_25C_60RH_100pctO2_Unencap_2,25,62.4,100,8,0.5,0.004899624,0.002026274,0.002608993,0.003782864,0.002026274,0.002864112,0.004080167,1065,0.001196342,0.042675326,85.87532097,0.000136233,2.53E+17,8.07E+16,0.048120689,1.02E+16,2.53E+17,7.46E+16,0.462646484,0.000217392,0.001351693,0.000443878,,,,3.238875669,349.3392279,212.6826584,30,0.981954269,0.977532281,0.993626872,1.024072259,1.05604733,1.01013137,1.028641121,1.06183286,1.09663985,1.13208504,1.102521277,1.356076878,1.589635129,1.823326221,2.114782899,1.157482163,3.714171947,0,0.992781708,0.985563415,0.981069872,0.979301076,0.977532281,1.041008511,1.082017021,1.153232397,1.254654638,1.356076878,1.004052548,1.008105096,1.01383332,1.021237221,1.028641121
51,191203_Single_Sample_PL_PC_T_Combinatorial_Stress_Study,PL_PC_T_TripCat_8Sun_25C_20RH_21pctO2_Unencap_2,24.2,20,21,8,0.5,0.001986008,0.001291875,0.001623019,0.002035231,0.001467131,0.001775285,0.002114514,1710,0.003641782,0.079649339,120.3458348,0.002558426,1.59E+19,5.15E+17,0.018723039,1.49E+17,1.59E+19,7.14E+17,0.791778564,8.04E-05,0.001358467,9.13E-05,,,,2.731257258,,19.77248765,30,1.007299656,1.031236488,1.052530972,1.0684289,1.079896485,1.004333418,1.014671312,1.026142125,1.038745858,1.051066361,1.327755413,1.68389776,2.117363006,2.596429689,3.129334375,1.233300062,3.447687427,0,1.002919862,1.005839725,1.012087023,1.021661755,1.031236488,1.131102165,1.26220433,1.398983882,1.541440821,1.68389776,1.001733367,1.003466735,1.006400997,1.010536154,1.014671312
52,191203_Single_Sample_PL_PC_T_Combinatorial_Stress_Study,PL_PC_T_TripCat_32Sun_25C_60RH_100pctO2_Unencap_2,25,60,100,32,0.5,0.005476335,0.007299021,0.007299021,0.006886873,0.007299021,0.007299021,0.00663707,80,-0.003257658,0.036068414,104.0163113,0.005523716,1.01E+20,3.96E+18,0.015565999,8.64E+17,1.01E+20,8.07E+18,0.603862762,-0.00014886,0.025640169,-0.000407685,,,,1.269983049,4.263344352,3.319670209,30,1.009632779,1.004388149,0.973140823,0.936804529,0.89846135,1.036495104,1.066370697,1.089880055,1.110215887,1.129431095,1.958233212,2.582674604,0,2.880826957,3.172403242,1.289035541,1.313607429,1,1.003853111,1.007706223,1.008583853,1.006486001,1.004388149,1.383293285,1.76658657,2.083121491,2.332898048,2.582674604,1.014598042,1.029196083,1.042470223,1.05442046,1.066370697
53,191203_Single_Sample_PL_PC_T_Combinatorial_Stress_Study,PL_PC_T_FAPbIBr3_8Sun_25C_dryN2_Unencap_2,25,0,0,8,0,-0.000572615,,,,1.62E-05,1.62E-05,1.62E-05,75,-0.008500994,-0.025820531,143.7198275,0.001810107,1.03E+19,4.33E+17,0.020599812,1.30E+17,1.03E+19,1.07E+18,0.080429077,7.26E-05,0.003679683,0.000308939,0,,,0.986234002,0.260144087,0.411403669,30,0.943352375,0.877933526,0.851416478,0.8334431,0.818755144,0.991709035,0.989026106,0.988139462,0.987469402,0.987128252,0.589782188,0.503272829,0.455870618,0.421442509,0.394824682,1.224355144,1.001270696,1,0.97734095,0.9546819,0.930268605,0.904101065,0.877933526,0.835912875,0.67182575,0.572480316,0.537876572,0.503272829,0.996683614,0.993367228,0.991172449,0.990099278,0.989026106
54,191203_Single_Sample_PL_PC_T_Combinatorial_Stress_Study,PL_PC_T_FAPbIBr3_1Sun_25C_dryN2_DarkSoak_Unencap,25,0,0,0,0,-0.000783367,1.67E-05,,,4.23E-05,3.09E-05,3.09E-05,,-1.26E-06,-0.0016539,151.5585549,0.002195086,1.77E+18,1.11E+17,0.045968522,3.61E+16,1.77E+18,1.35E+17,0.573417664,0.000136653,0.000124611,3.69E-05,,,,,,,30,0.996235938,0.999690012,0.999289091,0.998441963,1.000100896,0.984181704,0.986839818,0.983858396,0.980577479,0.992842166,0.983583636,0.976412585,0.969557587,0.96566552,0.961955792,1.17558279,1.017344674,1,0.998494375,0.99698875,0.996926753,0.998308382,0.999690012,0.993433454,0.986866908,0.982149425,0.979281005,0.976412585,0.993672681,0.987345363,0.984713327,0.985776572,0.986839818
55,191203_Single_Sample_PL_PC_T_Combinatorial_Stress_Study,PL_PC_T_FAPbIBr38Sun_85C_dryN2_Unencap_2,85,0,0,8,0,0.00034093,0.000481669,0.000828476,0.00159998,0.000854116,0.000854116,0.001947751,40,-0.005232437,0.087468829,144.3402107,0.00144276,2.98E+18,3.32E+17,0.018679637,4.39E+16,2.90E+18,7.25E+17,0.734409332,0.000117483,-0.003164773,-0.000124446,125,240,290,1.104504525,2.923461683,2.341179036,30,0.979584456,0.958472091,0.929007875,0.894477372,0.854119595,0.996672896,0.994690914,0.998223687,1.007747858,1.022542539,1.602926247,2.089260742,2.480502341,2.747932687,2.891071014,1.218491208,21.40799361,1,0.991833783,0.983667565,0.975361983,0.966917037,0.958472091,1.241170499,1.482340998,1.700193146,1.894726944,2.089260742,0.998669158,0.997338316,0.996276499,0.995483707,0.994690914
56,191203_Single_Sample_PL_PC_T_Combinatorial_Stress_Study,PL_PC_T_FAPbIBr31Sun_85C_dryN2_DarkSoak_Unencap,85,0,0,0,0,4.48E-05,,,,5.33E-06,5.33E-06,5.33E-06,,-0.000168606,-0.000529651,113.9941674,5.08E-05,4.27E+16,2.84E+16,inf,5.87E+15,5.09E+16,6.79E+15,0.485004425,-0.000118241,-0.000583004,-3.79E-05,95,,,,,,30,1.004922445,1.002987805,0.998427066,0.999032527,0.993942549,1.009312832,1.003885309,1.004694213,1.003430279,1.00224628,1.048178564,0.996619217,1.005871678,1.007912171,0.994389958,1.078216411,0.989974624,1,1.001968978,1.003937956,1.004535517,1.003761661,1.002987805,1.019271426,1.038542852,1.037866695,1.017242956,0.996619217,1.003725133,1.007450266,1.008227328,1.006056319,1.003885309
57,190916_PLVA_Perovskite_Degradation_Study,PL_PC_T_MAPI_air_40RH_65C_16Suns,65,41.3,21,16,1,0.023495288,0.022213175,0.022213175,0.022610974,0.022213175,0.022213175,0.022958278,65,0.012591592,0.144281035,113.6825613,0.000310624,2.94E+18,1.73E+17,0.025796536,4.34E+16,2.94E+18,4.05E+15,0.490921021,0.000666465,-0.029782064,0.003578557,45,66,72,6.50299718,0.430802832,2.552745091,6,1.002841255,1.015596759,1.031113856,1.048821658,1.068351206,1.022213175,1.04492036,1.06895853,1.094103764,1.119328735,1.235488183,1.356202075,1.481277962,1.598510287,1.712101844,1.196708878,8.539306409,0,1.015596759,1.048821658,1.090005552,1.140618671,1.202554577,1.356202075,1.598510287,1.816080514,1.999959141,2.146001213,1.04492036,1.094103764,1.146385509,1.20218729,1.260034653
58,190916_PLVA_Perovskite_Degradation_Study,PL_PC_T_MAPI_air_40RH_85C_32Suns_2,85,39.5,21,32,1,0.029437462,0.02922149,0.02922149,0.029210022,0.02922149,0.02922149,0.0292077,29,0.010210155,0.102847905,108.8203945,7.26E-05,1.38E+18,1.17E+17,0.034427323,2.40E+16,1.38E+18,8.04E+15,0.326667786,0.000435388,-0.034642974,7.36E-05,24,40,41,3.191019296,1.614396938,1.647914803,6,1.011753078,1.019626773,1.029635263,1.042109682,1.055845822,1.02922149,1.058415399,1.087268749,1.118163679,1.148313688,1.195564287,1.298062846,1.373612681,1.425215326,1.452358221,1.177045791,8.966005661,1,1.019626773,1.042109682,1.070307409,1.09756138,1.121007439,1.298062846,1.425215326,1.48649332,1.533859569,1.586506363,1.058415399,1.118163679,1.179377983,1.24281174,1.308013069
59,190916_PLVA_Perovskite_Degradation_Study,PL_PC_T_MAPI_air_60RH_85C_32Suns,85,60.5,21,32,1,0.022606938,0.021363986,0.021363986,0.022018667,0.021363986,0.021363986,0.022297683,40,-0.016536578,-0.093627046,93.00780914,0.000124594,2.79E+18,1.67E+17,0.031124406,5.77E+16,2.78E+18,2.27E+17,0.923286438,0.000474473,0.183605166,0.002057334,0,,,3.308294446,0.338134954,0.505403931,6,0.981757467,0.957194532,0.943961977,0.936214855,0.934021416,1.021363986,1.04373564,1.066868393,1.090282489,1.113888798,0.322036398,0.383424845,0.426699156,0.479533393,0.490415527,1.191011685,8.730041376,0,0.957194532,0.936214855,0.934202975,0.94215689,0.955298806,0.383424845,0.479533393,0.520425988,0.551651022,0.561676016,1.04373564,1.090282489,1.138135831,1.187742426,1.238703345
60,190916_PLVA_Perovskite_Degradation_Study,PL_PC_T_MAPI_air_60RH_85C_32Suns_2,85,59.3,21,32,1,0.03285843,0.028658904,0.028658904,0.030468737,0.028658904,0.028658904,0.030975489,44,-0.017553376,0.133394247,103.1983334,0.000124359,2.04E+18,1.51E+17,0.02733217,3.40E+16,2.04E+18,1.57E+17,0.565643311,0.001461565,-0.032885015,-0.001561822,5,56,57,4.310209091,0.401108278,1.011857833,6,0.990534298,0.967776887,0.948363034,0.933318754,0.927630273,1.028658904,1.061950977,1.095979441,1.130631883,1.16590514,1.187610195,1.335641202,1.471435671,1.525058497,1.525773153,1.190963008,7.843460045,0,0.967776887,0.933318754,0.92826693,0.940333355,0.966166252,1.335641202,1.525058497,1.508399219,1.462739576,1.392825357,1.061950977,1.130631883,1.201201801,1.274572354,1.350005589
61,190916_PLVA_Perovskite_Degradation_Study,PL_PC_T_MAPI_air_20RH_85C_32Suns,85,24.8,21,32,1,0.022068739,0.021745526,0.021745526,0.020722437,0.021745526,0.021745526,0.021142248,49,-0.017441107,-0.131136615,99.52461429,0.00020042,5.61E+18,2.23E+17,0.027874118,8.46E+16,5.62E+18,9.50E+16,0.988880157,0.000377907,0.16182593,-0.001745501,0,61,61,4.233494093,0.123129506,0.313786036,6,0.991146589,0.96452795,0.948108847,0.934313338,0.93618519,1.021745526,1.039846552,1.064440483,1.088996217,1.113825152,0.374623138,0.305577651,0.327651804,0.367802591,0.401405894,1.203300567,10.08531397,1,0.96452795,0.934313338,0.936561702,0.94104234,0.947186865,0.305577651,0.367802591,0.438999702,0.46578518,0.466056037,1.039846552,1.088996217,1.138747298,1.190798207,1.248067578
62,190916_PLVA_Perovskite_Degradation_Study,PL_PC_T_MAPI_air_60RH_25C_8Suns,25,59.5,21,8,1,0.015877023,0.008861076,0.009481975,0.014091156,0.008861076,0.014854012,0.014854012,116,0.002416742,-0.008211781,97.76502172,0.000211144,4.77E+17,1.08E+17,0.041887181,1.53E+16,4.86E+17,5.41E+16,0.009616852,0.001087212,0.019453541,0.001371397,214,258,344,3.581430518,11.48013237,5.949580554,12,0.987941015,0.996622298,1.005479573,1.015398137,1.024657035,1.017722153,1.059416049,1.089844563,1.122709029,1.157209571,0.755708702,0.769702261,0.815006089,0.888233499,0.976567962,1.168809769,8.022177158,1,0.987941015,0.996622298,1.005479573,1.015398137,1.024657035,0.755708702,0.769702261,0.815006089,0.888233499,0.976567962,1.017722153,1.059416049,1.089844563,1.122709029,1.157209571
63,190916_PLVA_Perovskite_Degradation_Study,PL_PC_T_MAPI_air_80RH_85C_32Suns,85,80.6,21,32,1,0.036665555,0.034037822,0.034037822,0.034830303,0.034037822,0.034037822,0.035343849,43,0.000553774,0.521729262,94.2885938,6.20E-05,1.26E+18,1.09E+17,0.041622706,2.90E+16,1.26E+18,8.34E+16,0.839962006,0.001018431,-0.000602107,-0.001867709,29,40,47,7.161102303,0.159138934,3.288010327,6,1.010827981,1.005497723,1.002858359,1.006753681,1.016592347,1.034037822,1.070687699,1.108060384,1.146316493,1.186072491,1.476390808,2.073867332,2.592428296,3.050627565,3.402300179,1.172954842,9.073749878,0,1.005497723,1.006753681,1.029308254,1.06538117,1.113958795,2.073867332,3.050627565,3.634759272,4.031161199,4.163966372,1.070687699,1.146316493,1.22692738,1.312477872,1.403692979
64,190916_PLVA_Perovskite_Degradation_Study,PL_PC_T_MAPI_air_0RH_85C_32Suns,85,0,21,32,1,0.031413621,0.024565251,0.024565251,0.027486948,0.024565251,0.024565251,0.0278097,37,0.004180293,0.214543627,118.4145779,9.05E-05,1.22E+18,2.02E+17,0.045833067,4.34E+16,1.22E+18,2.16E+17,0.999996185,0.00255839,-0.194505437,-0.010263638,3,52,55,3.479915071,0.47235901,0.940083474,6,1.030859269,1.047284963,1.034863831,1.018899182,1.004075029,1.024565251,1.055619399,1.089345076,1.124678193,1.161199369,1.774439302,1.993474513,2.003542457,1.958166557,1.849205832,1.182753615,10.85766358,1,1.047284963,1.018899182,0.991775225,0.972354188,0.958529415,1.993474513,1.958166557,1.759523209,1.525296441,1.276758624,1.055619399,1.124678193,1.197957145,1.273700572,1.350665574
65,190916_PLVA_Perovskite_Degradation_Study,PL_PC_T_MAPI_air_0RH_25C_8Suns_2,25,0,21,8,1,6.97E-05,0.000157712,0.000160143,0.000169922,0.000199558,0.000187514,0.000176013,1020,0.008874828,0.026821187,84.63911609,0.000127155,7.74E+17,7.78E+16,0.057584889,2.01E+16,7.72E+17,8.12E+16,0.269931793,3.28E-05,0.002186827,0.000651749,,,,1.599710581,,7.764809579,30,0.984173269,1.045862056,1.109481966,1.159216349,1.199203686,0.996622517,0.997698129,0.999945124,1.000079948,1.001250793,0.953438029,1.126951342,1.314835832,1.489830777,1.659513121,1.155699421,2.261378249,0,0.993669308,0.987338615,0.996511027,1.021186541,1.045862056,0.981375212,0.962750423,0.988140692,1.057546017,1.126951342,0.998649007,0.997298013,0.996837639,0.997267884,0.997698129
66,190916_PLVA_Perovskite_Degradation_Study,PL_PC_T_MAPI_air_80RH_25C_8Suns_2,25,80.5,21,8,1,0.028307201,0.013731474,0.013731474,0.017187696,0.013731474,0.013731474,0.019261569,32,0.001365581,0.172919946,111.0848373,0.00059348,4.20E+18,1.66E+17,0.027002034,5.26E+16,4.17E+18,3.28E+17,0.47964859,0.002734968,0.069313184,0.000724371,58,188,,2.499413451,70.91470627,21.59736414,12,0.982576013,0.982814117,1.004346065,1.002770782,0.937250054,1.027462947,1.077046276,1.147592335,1.223007311,1.302657245,1.000263934,1.539686966,1.491693266,2.483484798,3.520613993,1.195526714,6.863409946,1,0.982576013,0.982814117,1.004346065,1.002770782,0.937250054,1.000263934,1.539686966,1.491693266,2.483484798,3.520613993,1.027462947,1.077046276,1.147592335,1.223007311,1.302657245
67,190916_PLVA_Perovskite_Degradation_Study,PL_PC_T_MAPI_air_40RH_25C_8Suns,25,45.8,21,8,1,0.001317656,0.001155579,0.001304405,0.001362771,0.001198284,0.001378338,0.001402799,249,0.00123804,0.082677058,111.8779965,0.000479764,6.76E+17,1.51E+17,0.025385437,1.75E+16,5.94E+17,3.45E+17,0.646087646,8.80E-05,-0.00076781,0.001213453,318,,,2.656903729,14.39991246,5.372984436,18,0.966111073,0.976559375,0.993666043,1.004793108,1.017663109,1.001693682,1.006125028,1.010505722,1.015358816,1.019549581,1.264059371,1.511937227,1.757488462,1.993441331,2.208566397,1.19002775,6.987947954,0,0.977407382,0.969593841,0.976559375,0.98796382,0.997375064,1.17603958,1.346685323,1.511937227,1.67563805,1.836139418,1.001129121,1.003170797,1.006125028,1.009045491,1.01212342
68,190916_PLVA_Perovskite_Degradation_Study,PL_PC_T_MAPI_air_20RH_25C_8Suns,25,25.7,21,8,1,0.000909868,0.000825598,0.00095759,0.00113964,0.001004124,0.001086554,0.00120531,258,0.001182721,0.075881489,100.953709,0.000625316,2.75E+18,1.75E+17,0.024119264,3.55E+16,2.73E+18,3.12E+17,0.49835968,0.000116441,0.000846247,0.000933598,327,366,453,3.037081176,17.44856248,8.053534134,18,0.98925535,0.985268718,0.991623547,1.016556718,1.005252849,0.99876936,1.001103353,1.006328778,1.009868307,1.013382152,1.191883985,1.442067039,1.676626748,1.895850957,2.101198291,1.196877573,7.109993079,1,0.9928369,0.987926473,0.985268718,0.989505271,0.999934604,1.127922657,1.275278336,1.442067039,1.598440178,1.749701484,0.999179573,0.999547358,1.001103353,1.00458697,1.007508621
69,190916_PLVA_Perovskite_Degradation_Study,PL_PC_T_MAPI_air_60RH_65C_8Suns,65,54.3,21,8,1,0.008438277,0.005446798,0.007577718,0.00829603,0.008163197,0.008163197,0.008861542,,0.001338404,0.153906277,104.6410705,0.000189205,1.05E+18,9.37E+16,0.045828853,2.37E+16,1.05E+18,7.08E+16,0.514690399,0.001445322,-0.028092706,0.00161886,139.5,177,,,,,9,0.991701833,0.992765468,0.999048941,1.006364479,1.015510577,1.005818385,1.02448959,1.032942439,1.049725052,1.065011618,1.411948579,1.633733017,1.80721214,1.956665297,2.040504244,1.165973541,7.691502423,0,0.992056378,0.99695445,1.006364479,1.018465381,1.030691499,1.485876725,1.749385765,1.956665297,2.073502464,2.188668885,1.01204212,1.030124822,1.049725052,1.070164487,1.090705483
70,190916_PLVA_Perovskite_Degradation_Study,PL_PC_T_MAPI_air_60RH_85C_8Suns_2,85,55.1,21,8,1,0.022645083,0.021387428,0.021387428,0.021444747,0.021387428,0.021387428,0.021467783,,0.014466938,0.116230855,88.32783028,7.70E-05,5.09E+17,6.15E+16,0.084594583,1.65E+16,5.11E+17,4.11E+16,0.405303955,0.000574621,-0.001123032,0.00256048,70.5,90,,,,,9,1.003953419,1.029454414,1.055571816,1.08269284,1.111347678,1.032081143,1.06440335,1.098806515,1.13647544,1.170317807,1.167239965,1.378190288,1.538851087,1.685925855,1.815725605,1.142730158,8.335029983,0,1.012453751,1.046866015,1.08269284,1.121097937,1.162339149,1.237556739,1.485297487,1.685925855,1.857282627,2.005981407,1.042855212,1.087338793,1.13647544,1.183503164,1.235901622
71,190916_PLVA_Perovskite_Degradation_Study,PL_PC_T_MAPI_air_60RH_45C_8Suns,45,53.9,21,8,1,0.002353823,0.002896031,0.002763059,0.002500172,0.002758909,0.002605686,0.002444042,424.5,0.006744588,0.087184697,82.74801341,0.000622006,4.16E+18,1.71E+17,0.028002031,5.59E+16,4.14E+18,2.63E+17,0.676464081,-0.000383133,-0.006897994,0.006574416,439.5,,,2.611958153,11.68872027,7.161958756,9,0.960120273,0.988045537,1.008558053,1.026365519,1.046012442,1.004961192,1.008930721,1.012471371,1.013898585,1.021289142,1.174140618,1.302013418,1.420514183,1.530698449,1.633545738,1.196740341,4.355597248,1,0.969428694,1.001720548,1.026365519,1.048832561,1.041092563,1.216764885,1.381013928,1.530698449,1.664537282,1.784213842,1.006284368,1.011291154,1.013898585,1.021805188,1.025198658
72,190916_PLVA_Perovskite_Degradation_Study,PL_PC_T_MAPI_air_60RH_45C_8Suns_2,45,60,21,8,1,0.002467891,0.002262086,0.002406208,0.0026016,0.002460423,0.002484875,0.0026314,290,0.002079667,0.003026536,94.30345262,0.000344899,1.52E+18,1.27E+17,0.031689679,2.59E+16,1.52E+18,1.54E+17,0.455615997,2.68E-05,-0.001212242,0.002391601,340,480,594,2.838425044,13.6358139,6.140713254,12,0.968488645,0.986845639,0.999604267,1.005238858,1.006620094,1.003795125,1.008732838,1.014756915,1.019198014,1.024341704,1.038087636,1.012262154,1.016414558,1.041101903,1.077243538,1.181495515,8.820640375,1,0.968488645,0.986845639,0.999604267,1.005238858,1.006620094,1.038087636,1.012262154,1.016414558,1.041101903,1.077243538,1.003795125,1.008732838,1.014756915,1.019198014,1.024341704
73,190916_PLVA_Perovskite_Degradation_Study,PL_PC_T_MAPI_dryN2_25C_8Suns,25,0,0,8,1,0.000589066,,,,-1.17E-05,-1.17E-05,-1.17E-05,,-0.015675749,-0.034802688,73.20380358,0.000341838,2.95E+18,1.24E+17,0.037579619,4.91E+16,2.93E+18,2.55E+17,0.25434494,-6.77E-05,0.004924986,0.006020391,0,,,,,,12,0.895958347,0.88096888,0.865960562,0.858241398,0.85947814,1.001884231,1.003189708,1.004076991,1.00479428,1.005287535,0.87713131,0.804977933,0.753630938,0.713723302,0.680775125,1.181265103,1.003408522,1,0.895958347,0.88096888,0.865960562,0.858241398,0.85947814,0.87713131,0.804977933,0.753630938,0.713723302,0.680775125,1.001884231,1.003189708,1.004076991,1.00479428,1.005287535
74,190916_PLVA_Perovskite_Degradation_Study,PL_PC_T_MAPI_wetN2_60RH_25C_8Suns,25,57.9,0,8,1,0.000840804,0.000679282,0.000618193,0.000641638,0.000652253,0.000585675,0.000615646,750,0.004139991,0.009970777,92.30270973,0.001486499,6.62E+18,3.35E+17,0.019967201,7.54E+16,6.60E+18,5.97E+17,0.50888443,-4.47E-05,0.000249078,0.003208499,550,,,3.26286111,4.7925238,4.254185992,12,0.96328527,0.9871307,1.006245008,1.019920044,1.039908501,1.001880997,1.003752409,1.005474573,1.006611254,1.007575873,1.020295452,1.039783751,1.057311292,1.081199846,1.102451493,1.219263301,4.90627241,0,0.96328527,0.9871307,1.006245008,1.019920044,1.039908501,1.020295452,1.039783751,1.057311292,1.081199846,1.102451493,1.001880997,1.003752409,1.005474573,1.006611254,1.007575873
75,200525_Replication_Study,PL_PC_T_MAPI_8Sun_25C_60RH_air_1_1,25,59.5,21,8,1,0.018081697,0.024629827,0.024629827,0.024629827,0.024629827,0.024629827,0.024629827,30,-0.008654916,1.950297767,81.83941921,0.000809218,3.72E+18,2.26E+17,0.02352726,5.82E+16,3.73E+18,1.21E+17,0.637428284,-0.000260148,0.011952411,0.000136283,150,470,540,1.597116351,60.36576778,19.9661375,60,0.924564465,0.80375953,0.698264528,0.68040417,0.642762637,1.246298268,1.448406748,1.597116351,1.728675818,1.86009955,14.24680339,44.65160911,60.36576778,75.45540617,83.54471627,1.203542468,7.436719907,1,0.984912893,0.969825786,0.954738679,0.939651572,0.924564465,3.649360677,6.298721354,8.948082031,11.59744271,14.24680339,1.049259654,1.098519307,1.147778961,1.197038614,1.246298268
76,200525_Replication_Study,PL_PC_T_MAPI_8Sun_25C_60RH_air_1_2,25,60.1,21,8,1,0.017661123,0.01382012,0.01382012,0.01382012,0.01382012,0.01382012,0.01382012,25,-0.009357628,0.710619207,112.3610397,0.000511796,1.31E+18,2.85E+17,0.048444216,1.03E+17,1.32E+18,2.57E+17,0.226043701,0.000250923,0.062295245,0.0002442,220,415,495,1.446841844,17.51937028,6.255540639,30,0.919488766,0.872364607,0.851142961,0.800232195,0.746250826,1.069100598,1.158822134,1.25387893,1.349138904,1.446841844,1.164116342,5.390392299,8.751312436,14.97188212,17.51937028,1.19169862,7.446676822,1,0.967795507,0.935591013,0.910063934,0.891214271,0.872364607,1.065646537,1.131293073,2.009371533,3.699881916,5.390392299,1.027640239,1.055280478,1.087044905,1.122933519,1.158822134
77,200525_Replication_Study,PL_PC_T_MAPI_8Sun_25C_60RH_air_1_3,25,60.1,21,8,1,0.014893274,0.016297267,0.016297267,0.016297267,0.016297267,0.016297267,0.016297267,35,-0.009288976,0.199212024,76.95845874,0.00248733,1.48E+20,6.93E+18,0.0148332,1.49E+18,1.45E+20,2.12E+19,0.48235321,-0.000117295,-0.012552448,0.0002735,255,440,500,1.510843041,6.992668692,4.043806502,30,0.946449521,0.900485044,0.845944101,0.818028305,0.783547312,1.081486337,1.157318237,1.229381304,1.298384374,1.36688513,2.541927826,3.135815056,4.535601143,4.983463935,5.77412515,1.232571497,6.547986605,1,0.978579808,0.957159617,0.937256626,0.918870835,0.900485044,1.61677113,2.233542261,2.660705272,2.898260164,3.135815056,1.032594535,1.065189069,1.096652717,1.126985477,1.157318237
78,200525_Replication_Study,PL_PC_T_MAPI_8Sun_25C_60RH_air_2_1,25,58.5,21,8,1,0.017954267,0.014149703,0.014149703,0.014149703,0.014149703,0.014149703,0.014149703,170,0.040392663,3.844954728,80.9665461,1.71E-05,1.00E+17,3.58E+16,-1.22E+12,6.68E+15,1.06E+17,1.39E+16,0.60219574,0.000280869,0.10747964,0.000527844,125,325,,4.114127707,711.3241713,479.4100207,30,1.135290078,1.400442684,1.601474212,1.776724511,1.972947979,1.070748517,1.164229139,1.257022067,1.355719896,1.458988441,6.36928017,29.34872327,55.68052787,72.46824434,93.7808655,1.103778491,7.748959129,1,1.054116031,1.108232062,1.188320599,1.294381642,1.400442684,3.147712068,5.295424136,10.96516879,20.15694603,29.34872327,1.028299407,1.056598813,1.089444641,1.12683689,1.164229139
79,200525_Replication_Study,PL_PC_T_MAPI_8Sun_25C_60RH_air_2_2,25,57.8,21,8,1,0.005253416,0.001936883,0.002787972,0.003932906,0.003405618,0.003405618,0.004303589,140,-0.001105029,0.021374964,73.26173345,0.000123024,4.15E+16,2.81E+16,-6.91E+11,4.79E+15,4.96E+16,7.73E+15,0.382442474,0.000306811,0.004007781,0.000567154,200,345,710,3.574478994,,6.221394787,30,0.957162092,0.943416958,0.954713035,0.973598808,0.988480116,1.009189674,1.034056175,1.063437651,1.104211405,1.165959227,0.943936135,1.029002204,1.108495067,1.452094644,1.925626388,1.154845519,7.589940763,1,0.982864837,0.965729674,0.954413065,0.948915012,0.943416958,0.977574454,0.955148908,0.960949349,0.994975777,1.029002204,1.00367587,1.007351739,1.014162974,1.024109575,1.034056175
80,200525_Replication_Study,PL_PC_T_MAPI_8Sun_25C_60RH_air_2_3,25,61,21,8,1,0.001871094,0.001714869,0.001749077,0.001968635,0.001708242,0.001804957,0.002034415,300,0.001713979,0.022461969,68.74934984,9.82E-05,5.18E+17,6.97E+16,0.068621538,1.62E+16,5.08E+17,1.12E+17,0.197193146,1.27E-05,0.000608057,0.000118418,250,340,1140,5.954064312,125.1668948,78.74817745,30,0.995422916,1.019158696,1.024632407,1.028244727,1.034918726,1.008587564,1.017082424,1.027250995,1.037445642,1.049031515,1.056777089,1.249943659,1.329986501,1.424944512,1.554611114,1.14903158,8.85394913,1,0.998169166,0.996338333,1.000170072,1.009664384,1.019158696,1.022710835,1.045421671,1.095410403,1.172677031,1.249943659,1.003435026,1.006870051,1.010286536,1.01368448,1.017082424
81,200520_Composition_Study,PL_PC_T_FACs_1Sun_25C_40RH_air,25,43.2,21,1,0,4.78E-05,2.62E-05,4.14E-05,6.38E-05,1.27E-05,3.54E-05,6.88E-05,1030,0.003130512,0.028325328,169.9516128,0.152324061,8.95E+19,1.04E+19,0.009822988,1.13E+18,8.62E+19,2.44E+19,0.410549164,-2.55E-05,-0.000229478,-2.08E-05,2360,,,1.076622613,4.659816591,4.064572132,60,1.026466938,1.078404029,1.104508254,1.117504918,1.128345872,1.008797663,1.006930409,1.005406737,1.004087122,1.002993687,1.313138394,1.619061187,1.903814941,2.120928135,2.308683884,1.285189386,1.200824881,1,1.005293388,1.010586775,1.015880163,1.02117355,1.026466938,1.062627679,1.125255358,1.187883036,1.250510715,1.313138394,1.001759533,1.003519065,1.005278598,1.00703813,1.008797663
82,200520_Composition_Study,PL_PC_T_FACs_32Sun_85C_20RH_air,85,26.8,21,32,0,-0.005843759,,,,0.000361069,0.000361069,0.000361069,20,-0.002598458,0.121512085,120.4184765,0.003673033,2.94E+19,2.84E+18,0.015672144,3.72E+17,2.85E+19,7.18E+18,0.435024261,0.000850954,0.064057624,-0.000511024,,,,0.972685309,2.276224415,1.783811258,6,0.996820459,0.993219127,0.993273608,0.988781135,0.977270774,0.993209243,0.98563056,0.980225378,0.977273139,0.975874223,0.946074511,1.027361295,1.235307227,1.462944065,1.634271879,1.278487113,1.001437527,1,0.993219127,0.988781135,0.961564801,0.925276687,0.891848352,1.027361295,1.462944065,1.748642832,1.856174703,1.956662023,0.98563056,0.977273139,0.975116944,0.965253121,0.96506482
83,200520_Composition_Study,PL_PC_T_FACs_32Sun_85C_60RH_air,85,65,21,32,0,0.008749096,0.006554549,0.006554549,0.006888855,0.006554549,0.006554549,0.00709182,20,-0.015499903,-0.01750573,143.7987085,0.004794901,4.07E+19,3.67E+18,0.015538248,4.86E+17,3.14E+19,2.55E+19,0.753921509,0.00022598,-0.036714474,-0.000160593,40,,,1.175832667,,2.020174703,30,0.948102678,0.849577836,0.767482957,0.70281228,0.65675293,1.032772745,1.070918202,1.118562218,1.175832667,1.239701867,1.782557917,2.390869479,2.907271415,0,3.515418706,1.285377555,2.063348178,0,0.979241071,0.958482142,0.92839771,0.888987773,0.849577836,1.313023167,1.626046334,1.90422023,2.147544854,2.390869479,1.013109098,1.026218196,1.040401836,1.055660019,1.070918202
84,200520_Composition_Study,PL_PC_T_FACs_32Sun_85C_60RH_O2,85,60,100,32,0,0.011699241,0.012839619,0.01233373,0.011678424,0.012839619,0.01217973,0.011505139,8,-0.036091018,0.102725282,138.9440285,0.00390549,2.94E+19,3.04E+18,0.015757076,3.90E+17,2.85E+19,7.32E+18,0.556915283,-0.00044597,-0.001238817,-0.004156559,62,,,1.094310488,1.583417016,1.319631144,6,0.977956757,0.936327128,0.897724862,0.859660858,0.823829261,1.012839619,1.024359459,1.035903609,1.046964209,1.057752387,1.09240734,1.20616429,1.315507208,1.402076476,1.465696818,1.280073522,2.479141555,0,0.936327128,0.859660858,0.789519966,0.729132637,0.680064021,1.20616429,1.402076476,1.515261133,1.583417016,1.633941995,1.024359459,1.046964209,1.07094107,1.094310488,1.120463778
85,200520_Composition_Study,PL_PC_T_x500_8Sun_45C_60RH_air,45,58.9,21,8,0.5,2.34E-05,0.000773175,5.24E-05,0.000122078,0.000773175,-3.51E-05,3.19E-05,495,0.006502121,0.894861968,99.10274796,0.000202942,1.09E+18,1.53E+17,0.031968137,2.56E+16,9.56E+17,5.37E+17,0.496055603,-1.65E-05,0.008183367,3.92E-05,810,1995,,1.189108292,,62.42960754,90,1.033944335,1.156323395,1.288902968,1.360179721,1.381744219,1.011597631,1.011668229,1.007752314,1.00368094,0.999015672,2.097871755,13.45974582,38.62647395,49.85034653,61.06938719,1.167785432,16.80462476,1,1.004525911,1.009051823,1.013577734,1.018103645,1.022629557,1.146382901,1.292765801,1.439148702,1.585531603,1.731914504,1.001546351,1.003092702,1.004639052,1.006185403,1.007731754
86,200520_Composition_Study,PL_PC_T_x063_8Sun_45C_60RH_air,45,55.8,21,8,0.938,0.001916418,0.001896432,0.001878827,0.001963645,0.001875194,0.001890816,0.00198794,620,0.004907745,0.009953267,119.9328632,0.000204117,2.30E+19,2.01E+18,0.01549503,2.79E+17,2.16E+19,7.95E+18,0.446647644,4.38E-06,0.000320408,4.08E-05,535,1405,,3.451811784,116.5770012,61.45311652,30,1.015036062,1.052495536,1.075931097,1.092246102,1.105172523,1.009494426,1.018751936,1.028427757,1.03844379,1.04899266,1.031814028,1.077478609,1.13265442,1.198411476,1.274331589,1.167934699,9.632093394,1,1.006014425,1.012028849,1.022527956,1.037511746,1.052495536,1.012725611,1.025451223,1.040946944,1.059212777,1.077478609,1.003797771,1.007595541,1.011345928,1.015048932,1.018751936
87,200520_Composition_Study,PL_PC_T_x094_1Sun_25C_60RH_air,25,60,21,1,0.906,0.001265214,0.002469226,0.002469226,0.001369803,0.002469226,0.002469226,0.001265214,50,-0.005374486,0.014030502,87.71728378,0.000909316,7.38E+19,7.76E+18,0.01434245,1.10E+18,7.28E+19,1.28E+19,0.488822937,-1.85E-05,0.000847252,7.13E-05,1470,,,1.086135934,2.083397337,1.174931847,60,0.924999468,0.868981469,0.825193836,0.781178501,0.745436486,1.024692261,1.011374849,1.03406636,1.058573645,1.086135934,1.021383458,1.034722288,1.212673367,1.605880122,2.083397337,1.206557442,4.451976877,1,0.984999894,0.969999787,0.954999681,0.939999574,0.924999468,1.004276692,1.008553383,1.012830075,1.017106766,1.021383458,1.004938452,1.009876904,1.014815357,1.019753809,1.024692261
88,200520_Composition_Study,PL_PC_T_x125_8Sun_45C_60RH_air,45,61,21,8,0.875,0.001396382,0.001375599,0.001375599,0.001331629,0.001375599,0.001375599,0.001335146,615,0.003643909,0.04047976,106.9467051,7.98E-05,2.36E+19,1.71E+18,0.016125229,2.64E+17,2.32E+19,4.24E+18,0.491970062,3.49E-06,0.0016611,4.54E-05,660,1980,,1.895524107,191.454337,129.9376855,90,1.028890785,1.090417906,1.146082992,1.214697061,1.294028004,1.020633991,1.039343809,1.06052071,1.084785278,1.113169127,1.108512596,1.363542017,1.947323573,3.616576543,7.323527542,1.143662941,12.4174937,0,1.003852105,1.007704209,1.011556314,1.015408419,1.019260524,1.014468346,1.028936692,1.043405038,1.057873385,1.072341731,1.002751199,1.005502398,1.008253596,1.011004795,1.013755994
89,200520_Composition_Study,PL_PC_T_x156_1Sun_25C_60RH_air,25,65.1,21,1,0.844,0.007994817,0.00661916,0.00661916,0.00661916,0.00661916,0.00661916,0.00661916,90,-0.003652805,1.072836926,143.6948967,0.000583624,1.46E+19,1.65E+18,0.015941964,2.46E+17,1.43E+19,3.16E+18,0.500892639,1.76E-05,0.053521779,-0.000121231,,,,1.597477648,78.84603117,37.56741947,60,1.005593978,0.972195535,0.912243782,0.864034839,0.865980791,1.066191597,1.148200445,1.238608498,1.31353238,1.375202719,1.442699507,4.63769129,20.63430685,45.04604261,56.74813211,1.141336278,5.081196197,0,1.001118796,1.002237591,1.003356387,1.004475182,1.005593978,1.088539901,1.177079803,1.265619704,1.354159605,1.442699507,1.013238319,1.026476639,1.039714958,1.052953278,1.066191597
90,200520_Composition_Study,PL_PC_T_x25_8Sun_45C_60RH_O2,45,60,21,8,0.75,0.004558513,0.005470627,0.005470627,0.005027745,0.005470627,0.005470627,0.005025274,895,0.007420985,0.043249825,88.47448816,4.44E-05,1.75E+18,3.81E+17,0.020523853,4.93E+16,1.26E+18,1.27E+18,0.535415649,-6.91E-05,0.001438399,0.000229308,580,2282,,2.096253213,,490.9997188,30,1.017055557,1.066637893,1.104300044,1.14190239,1.177241096,1.027353136,1.05025274,1.071663724,1.09180754,1.111253199,1.144961222,1.356988941,1.575722599,1.86586494,2.305461461,1.128489768,10.51997731,0,1.006822223,1.013644445,1.026972024,1.046804959,1.066637893,1.057984489,1.115968977,1.187366766,1.272177853,1.356988941,1.010941255,1.021882509,1.031933057,1.041092898,1.05025274
91,200520_Composition_Study,PL_PC_T_x031_1Sun_25C_60RH_air,25,57.9,21,1,0.969,0.003609802,0.002920047,0.002920047,0.00298276,0.002920047,0.002920047,0.003218194,45,-0.00643489,0.03404114,114.7857343,0.000198357,7.82E+19,5.75E+18,0.016824519,1.19E+18,7.61E+19,1.64E+19,0.481563568,2.25E-05,-0.000317746,-3.40E-05,,,,1.152009056,2.621294144,1.496409001,90,0.93828166,0.820874773,0.717376162,0.627836,0.567359549,1.043800698,1.096545812,1.152009056,1.216630936,1.288503213,1.616861404,1.872365598,2.621294144,3.050869133,3.728964855,1.167194748,6.108401526,1,0.991770888,0.983541776,0.975312664,0.967083552,0.95885444,1.082248187,1.164496375,1.246744562,1.328992749,1.411240936,1.005840093,1.011680186,1.017520279,1.023360373,1.029200466
92,200520_Composition_Study,PL_PC_T_x219_1Sun_25C_60RH_air,25,60,21,1,0.781,0.002962074,0.001423245,0.001423245,0.001548313,0.001423245,0.001423245,0.002145786,330,0.000147388,0.020577478,109.7194582,0.001855153,1.53E+20,8.42E+18,0.01200157,1.32E+18,1.13E+20,8.00E+19,0.539424896,5.80E-05,,1.81E-05,810,,,2.986051176,,1.33299096,90,0.97705972,0.990525378,1.004150306,0.997508817,0.983429283,1.021348668,1.040833011,1.100794527,1.18243264,1.274653533,1.381648527,1.617324353,,,,1.224990616,5.493898258,1,0.996941296,0.993882592,0.990823888,0.987765184,0.98470648,1.05088647,1.101772941,1.152659411,1.203545881,1.254432351,1.002846489,1.005692978,1.008539467,1.011385956,1.014232445
93,200520_Composition_Study,PL_PC_T_x188_8Sun_45C_60RH_air,45,59.7,21,8,0.813,0.001397186,0.001035669,0.001112212,0.001364141,0.001035669,0.001121887,0.001397186,240,-0.000866279,0.013796776,142.3145131,0.000628123,1.03E+18,1.78E+17,0.022826208,2.11E+16,8.34E+17,5.94E+17,0.439308167,1.88E-05,0.000707331,-4.73E-06,530,1680,,1.268526996,10.98924619,5.308001221,60,0.996246876,0.990428396,0.974926762,0.967346086,0.965105923,1.010356685,1.022437733,1.037688449,1.056193429,1.077171771,0.971919166,1.050213523,1.262734476,1.544431168,1.790146309,1.196993353,14.25432344,1,0.999249375,0.99849875,0.997748126,0.996997501,0.996246876,0.994383833,0.988767666,0.9831515,0.977535333,0.971919166,1.002071337,1.004142674,1.006214011,1.008285348,1.010356685
94,200520_Composition_Study,PL_PC_T_x100_8Sun_85C_60RH_air,85,61.1,21,8,0.9,0.0151973,0.012812367,0.012812367,0.013873314,0.012812367,0.012812367,0.014004262,74,-0.003273721,-0.018769397,132.083074,6.80E-05,2.72E+17,5.95E+16,0.077554944,1.06E+16,2.76E+17,3.52E+16,0.47504425,0.000411866,0.006347344,0.001213184,104,,,3.415048845,7.458445681,2.236914147,12,0.983227305,0.973310471,0.969951123,0.973900877,0.983691909,1.025624734,1.056017048,1.088148612,1.120711058,1.157102991,0.897943534,0.852782817,0.837235992,0.842659801,0.85425513,1.139526788,9.454473701,1,0.983227305,0.973310471,0.969951123,0.973900877,0.983691909,0.897943534,0.852782817,0.837235992,0.842659801,0.85425513,1.025624734,1.056017048,1.088148612,1.120711058,1.157102991
95,200520_Composition_Study,PL_PC_T_x281_1Sun_25C_60RH_air,25,61.1,21,1,0.719,0.001365903,0.001725428,0.001725428,0.001326326,0.001725428,0.001725428,0.001305676,510,-0.000809754,0.002862661,88.34738088,5.55E-05,8.03E+16,5.64E+16,0.082077922,7.12E+15,9.04E+16,3.68E+16,0.584262848,-4.86E-06,-0.000226128,3.44E-05,,,,2.179526177,6.534006692,2.445839096,90,0.977483475,0.945840737,0.942613172,0.956703575,0.966474529,1.025881424,1.038224407,1.061169455,1.084798721,1.10864299,1.174392918,1.257800921,1.234858638,1.184466717,1.158043415,1.1342765,4.037993987,1,0.996997797,0.993995593,0.99099339,0.987991187,0.984988983,1.023252389,1.046504778,1.069757167,1.093009556,1.116261945,1.003450857,1.006901713,1.01035257,1.013803426,1.017254283
96,200520_Composition_Study,PL_PC_T_x438_8Sun_45C_60RH_air,45,57,21,8,0.563,0.000348967,0.00057648,0.000375591,0.000326971,0.000454155,0.000348967,0.0003071,270,-0.000759375,0.036969312,135.2678472,0.001892547,1.22E+19,1.02E+18,0.017612069,1.56E+17,1.21E+19,1.05E+18,0.525798798,-4.93E-06,2.34E-05,-1.41E-06,825,,,1.110569474,8.538676401,5.102731958,90,0.986702796,0.974606224,0.966742962,0.953026781,0.934135811,1.009327786,1.013624643,1.01737215,1.022150371,1.026634829,1.529568991,2.09223767,2.657552575,3.208706601,3.751247312,1.225506518,11.99170733,0,0.998227039,0.996454079,0.994681118,0.992908158,0.991135197,1.070609199,1.141218398,1.211827596,1.282436795,1.353045994,1.001243705,1.00248741,1.003731115,1.004974819,1.006218524
97,200520_Composition_Study,PL_PC_T_x406_8Sun_85C_60RH_air,85,60,21,8,0.594,0.006605679,0.006803677,0.006803677,0.006803677,0.006803677,0.006803677,0.006803677,50,-0.005243583,0.364039366,156.0652921,0.000224496,3.60E+16,2.97E+16,0.37175456,4.66E+15,4.62E+16,7.48E+15,0.381046295,3.99E-05,-0.006818612,-0.000253359,70,260,750,1.385995449,17.91412739,9.245506421,60,1.012697179,0.996028521,0.899228091,0.794555414,0.698773465,1.068036767,1.12575528,1.186472807,1.271065936,1.385995449,6.077033821,10.21540921,13.38920776,15.54588132,17.91412739,1.170394935,14.71277916,1,1.002539436,1.005078871,1.007618307,1.010157743,1.012697179,2.015406764,3.030813529,4.046220293,5.061627057,6.077033821,1.013607353,1.027214707,1.04082206,1.054429413,1.068036767
98,200520_Composition_Study,PL_PC_T_x400_8Sun_85C_60RH_air,85,60,21,8,0.6,0.015526822,0.012693955,0.012693955,0.012693955,0.012693955,0.012693955,0.012693955,80,0.002700383,0.007882268,115.0279049,4.90E-05,1.95E+17,5.37E+16,0.094558815,9.14E+15,2.00E+17,2.91E+16,0.264434814,0.000166793,0.008030525,0.000420817,120,310,,2.784665223,58.55225569,13.80744836,30,0.991951189,0.995728654,1.017266743,1.054851787,1.091707456,1.063469774,1.136560435,1.224521534,1.307644681,1.391861376,0.512215898,0.535711558,0.735139819,1.085594743,1.724503047,1.131049021,10.49246601,1,0.996780476,0.993560951,0.992706682,0.994217668,0.995728654,0.804886359,0.609772718,0.51691503,0.526313294,0.535711558,1.02538791,1.050775819,1.078087906,1.107324171,1.136560435
99,200520_Composition_Study,PL_PC_T_x313_8Sun_45C_60RH_air,45,60,21,8,0.688,0.000222556,0.000418006,0.0001949,0.000301919,0.000381957,0.000159678,0.000283599,435,0.001181564,0.226240424,90.97351007,0.000275881,4.70E+17,1.16E+17,0.033982673,1.41E+16,4.18E+17,2.27E+17,0.606414795,-7.22E-06,0.004609603,6.29E-05,660,2445,,1.532058837,61.07380543,37.23449865,90,0.986307521,0.992703155,1.022724983,1.070408575,1.111205896,1.007858092,1.011458712,1.01310091,1.014070267,1.014926949,1.800960611,6.006894514,9.389102767,14.17396071,18.93632072,1.175723274,12.98593635,0,0.998174336,0.996348672,0.994523008,0.992697345,0.990871681,1.106794748,1.213589496,1.320384244,1.427178993,1.533973741,1.001047746,1.002095491,1.003143237,1.004190982,1.005238728
100,200520_Composition_Study,PL_PC_T_x300_8Sun_85C_60RH_air,85,60,21,8,0.7,0.010677709,0.006923159,0.007725635,0.009490574,0.006923159,0.008687335,0.009864657,70,-0.006638421,-0.072931464,118.0980645,4.49E-05,1.79E+17,5.15E+16,0.09728467,8.67E+15,1.84E+17,1.72E+16,0.397789001,0.000689375,0.027621901,0.000979796,150,500,,2.851918918,9.893161408,2.253677896,12,0.976442152,0.963111634,0.952749527,0.945462099,0.944224196,1.013846319,1.034749342,1.058796706,1.084301897,1.111048898,0.51746715,0.416077161,0.37231694,0.343260465,0.333472088,1.128807021,10.96686792,1,0.976442152,0.963111634,0.952749527,0.945462099,0.944224196,0.51746715,0.416077161,0.37231694,0.343260465,0.333472088,1.013846319,1.034749342,1.058796706,1.084301897,1.111048898
101,200520_Composition_Study,PL_PC_T_x350_8Sun_85C_60RH_air,85,58,21,8,0.65,0.016069473,0.015454105,0.015454105,0.016101695,0.015454105,0.015454105,0.016363814,84,0.007294452,0.040693661,115.8326194,4.42E-05,1.90E+17,5.17E+16,0.101469516,9.27E+15,1.33E+17,1.35E+17,0.392852783,0.000237638,-0.001359882,0.000998597,126,330,,2.220131995,81.58702241,25.89702202,12,0.995686785,1.015425727,1.038915591,1.051330119,1.063070169,1.03090821,1.065455257,1.094964042,1.128666814,1.161050055,1.091349039,1.219788734,1.266274052,1.319474107,1.441042415,1.128399269,15.17333626,1,0.995686785,1.015425727,1.038915591,1.051330119,1.063070169,1.091349039,1.219788734,1.266274052,1.319474107,1.441042415,1.03090821,1.065455257,1.094964042,1.128666814,1.161050055
102,200520_Composition_Study,PL_PC_T_x200_8Sun_85C_60RH_air,85,58,21,8,0.8,0.021929111,0.017265911,0.017265911,0.018397727,0.017265911,0.017265911,0.019408764,86,0.008345415,0.039086517,117.8787444,3.67E-05,2.06E+17,4.76E+16,0.154785873,1.10E+16,2.10E+17,2.48E+16,0.761550903,0.000894184,-0.000863987,-5.75E-06,114,526,,3.905184762,33.7114372,8.246410236,12,1.007837181,1.038424987,1.054958894,1.059893289,1.068364521,1.034531821,1.077635056,1.12462701,1.174243515,1.223658231,1.094071623,1.183454334,1.242482679,1.316659639,1.380359022,1.123596578,,0,1.007837181,1.038424987,1.054958894,1.059893289,1.068364521,1.094071623,1.183454334,1.242482679,1.316659639,1.380359022,1.034531821,1.077635056,1.12462701,1.174243515,1.223658231
103,200520_Composition_Study,PL_PC_T_x800_8Sun_45C_60RH_air,45,60,21,8,0.2,-6.12E-05,0.000265864,0.000352389,0.000447067,0.000450123,0.000479411,0.000519449,231,-0.002064766,0.023972088,167.6323148,0.00114928,2.33E+19,4.01E+18,0.01490905,4.38E+17,2.33E+19,3.31E+18,0.564220428,0.000314553,0.004104983,-0.000325835,846,,,1.121274035,8.572680542,6.088972431,18,1.003648725,1.000834366,0.987375415,0.977165162,0.973600817,0.990568712,0.992676829,0.9949596,0.996887133,0.998495361,0.977297242,1.052626922,1.146320364,1.275069758,1.44510331,1.212611898,2.532121036,0,1.002432483,1.002710605,1.000834366,0.991861732,0.983971997,0.984864828,1.002407135,1.052626922,1.115089217,1.189236828,0.993712475,0.991271418,0.992676829,0.994198677,0.995602111
104,200520_Composition_Study,PL_PC_T_MAPI_1Sun_25C_40RH_air,25,39.1,21,1,1,0.003125277,0.004138379,0.003515014,0.00323746,0.004138379,0.003479079,0.003185469,285,0.005688057,0.063316212,105.1301663,0.000298727,1.27E+18,1.19E+17,0.03395953,2.43E+16,1.27E+18,1.84E+17,0.669338226,-0.000109207,-0.008034804,0.000668623,477,,,3.33472515,25.72871344,10.52368188,18,0.987837011,1.044589151,1.051529522,1.053474604,1.052294655,1.012415136,1.020874474,1.029688112,1.038242668,1.048359108,1.365092618,1.573631453,1.713461109,1.775558938,1.751432641,1.177780043,7.526842773,0,0.991891341,1.006754391,1.044589151,1.049216065,1.052177883,1.243395079,1.434605563,1.573631453,1.666851223,1.734160385,1.008276757,1.015234915,1.020874474,1.026750233,1.032539631
105,200520_Composition_Study,PL_PC_T_x375_8Sun_45C_60RH_air,45,58.1,21,8,0.625,0.000138691,2.47E-05,4.76E-05,0.0001101,-2.70E-05,-8.32E-06,3.57E-05,435,0.002701589,0.999243435,115.6164939,0.000107456,1.56E+17,7.25E+16,0.054437299,8.54E+15,1.42E+17,9.48E+16,0.475830078,-3.87E-06,0.011008763,6.56E-05,750,2265,,1.032068363,218.9836256,139.5798137,90,0.987991628,1.009700499,1.091685424,1.1507723,1.15128635,1.003542713,1.007732146,1.008527826,1.007909273,1.006679672,1.548917809,7.752144843,40.61881537,56.40830883,69.02414468,1.151347744,,0,0.998398884,0.996797768,0.995196651,0.993595535,0.991994419,1.073189041,1.146378082,1.219567124,1.292756165,1.365945206,1.000472362,1.000944724,1.001417085,1.001889447,1.002361809
106,200520_Composition_Study,PL_PC_T_x900_8Sun_45C_60RH_air,45,59.8,21,8,0.1,0.000443728,0.000437135,0.000522094,0.000565786,0.000502408,0.000580164,0.000603381,110,-0.00427394,0.042031907,192.5150247,0.002082333,5.01E+18,4.67E+17,0.01827962,7.20E+16,4.96E+18,8.04E+17,0.909805298,4.27E-05,-0.002606647,4.25E-05,890,,,1.062927413,3.474914802,2.492087145,30,0.977033954,0.95206479,0.932825497,0.91525573,0.899921078,0.998863668,1.001696674,1.004883035,1.008083524,1.011415091,1.393079069,1.602558719,1.7513709,1.871651763,1.974762941,1.227977068,2.359296791,0,0.990813582,0.981627163,0.972040121,0.962052456,0.95206479,1.157231628,1.314463255,1.434974999,1.518766859,1.602558719,0.999545467,0.999090935,0.999430269,1.000563472,1.001696674
107,200525_Replication_Study,PL_PC_T_MAPI_32Sun_25C_60RH_air_3_1,25,60,21,32,1,0.006193079,0.005218533,0.00595445,0.006561339,0.005256378,0.006193079,0.006719025,68,0.003234294,0.009800815,86.98700824,0.000190486,3.49E+18,2.02E+17,0.023098381,4.32E+16,3.44E+18,5.40E+17,0.297546387,0.000568163,0.01069874,0.0022241,206,306,,2.040032846,9.37153535,3.573660747,6,0.997796023,0.998216285,1.004767275,1.012685844,1.018381892,1.004390476,1.010512757,1.017543831,1.024388718,1.031199596,0.98354334,0.985661379,1.007054898,1.037248296,1.067705858,1.201986302,6.805273928,0,0.998216285,1.012685844,1.021131379,1.020603542,1.01615693,0.985661379,1.037248296,1.097870344,1.160563614,1.220159721,1.010512757,1.024388718,1.03810129,1.052790677,1.06804774
108,200525_Replication_Study,PL_PC_T_MAPI_32Sun_25C_60RH_air_3_2,25,60,21,32,1,0.011939882,0.008137658,0.008448346,0.009938042,0.008137658,0.009138808,0.010408781,22,-0.008580481,0.040152969,77.28422047,9.03E-05,6.90E+17,1.32E+17,0.029537968,2.63E+16,6.29E+17,1.92E+17,0.476924896,0.001009622,0.000736362,-0.000387989,134,254,284,1.562500795,2.108313803,1.43392741,12,0.987736121,0.968818822,0.950891327,0.932617584,0.913569215,1.016275317,1.036555231,1.0626319,1.096220528,1.13850438,1.067351788,1.158589623,1.238845588,1.315782787,1.394817122,1.18269422,8.147449772,1,0.987736121,0.968818822,0.950891327,0.932617584,0.913569215,1.067351788,1.158589623,1.238845588,1.315782787,1.394817122,1.016275317,1.036555231,1.0626319,1.096220528,1.13850438
109,200525_Replication_Study,PL_PC_T_TripCat_32Sun_25C_60RH_air,25,60,21,32,0.5,0.004174933,0.001994116,0.001994116,0.00238644,0.001994116,0.001994116,0.002684663,1590,0.0016988,0.268462305,86.85374217,0.000453673,9.27E+18,9.31E+17,0.016198193,1.28E+17,7.58E+18,5.06E+18,0.472984314,6.76E-05,0.01195891,8.64E-05,1650,4755,,3.812650271,154.9905631,119.8843336,90,0.9818843,0.979912588,1.031944816,1.102379764,1.170165146,1.029911737,1.080539877,1.155047697,1.250552002,1.354819486,1.382917429,2.573612143,6.7253276,18.46346776,39.70508074,1.224420539,15.29152734,0,0.997584573,0.995169147,0.99275372,0.990338293,0.987922867,1.051055657,1.102111314,1.153166971,1.204222629,1.255278286,1.003988232,1.007976463,1.011964695,1.015952926,1.019941158
110,200520_Composition_Study,PL_PC_T_x500_1Sun_25C_40RH_air,25,39.1,21,1,1,0.025436125,0.021644844,0.021644844,0.021644844,0.021644844,0.021644844,0.021644844,40,0.005024935,0.134332496,113.2173773,0.001001907,2.76E+18,2.52E+17,0.020592133,3.84E+16,2.70E+18,5.42E+17,0.796360016,-0.000218033,0.004923218,-0.000607528,55,60,60,1.683245788,10.11722148,3.847448296,30,1.025819226,1.088865914,1.119911247,1.078577363,0.981631502,1.108224218,1.271552643,1.406217965,1.486906246,1.542493105,1.484781568,2.065664439,2.737005453,3.732200465,4.900516244,1.209064241,,0,1.01032769,1.020655381,1.038428564,1.063647239,1.088865914,1.193912627,1.387825254,1.600958142,1.83331129,2.065664439,1.043289687,1.086579374,1.140889903,1.206221273,1.271552643
111,200520_Composition_Study,PL_PC_T_x500_1Sun_25C_40RH_air_2,25,40,21,1,0.5,0.008317056,0.010754568,0.010754568,0.010754568,0.010754568,0.010754568,0.010754568,445,0.010052422,0.054171118,168.9001697,0.002454665,3.22E+18,5.18E+17,0.016972208,5.91E+16,3.09E+18,1.03E+18,0.636528015,-0.000163553,-0.003227736,1.96E-05,,,,3.343144568,20.33640497,12.69988316,30,1.047663709,1.120683308,1.15544794,1.19741844,1.228028948,1.053772841,1.09448212,1.132019723,1.168802964,1.203406009,1.489701772,1.77236779,1.966592587,2.115832553,2.256639802,1.232229747,3.394460159,1,1.019065483,1.038130967,1.062267629,1.091475468,1.120683308,1.195880709,1.391761418,1.546234976,1.659301383,1.77236779,1.021509136,1.043018273,1.061914696,1.078198408,1.09448212
112,200520_Composition_Study,PL_PC_T_x500_1Sun_25C_40RH_air_3,25,45,21,1,0.5,0.005101681,0.004564433,0.004564433,0.004540862,0.004564433,0.004564433,0.004869159,200,0.005740238,0.058289077,91.68916114,0.000143686,1.88E+17,8.33E+16,0.04669396,9.57E+15,1.92E+17,7.53E+16,0.686576843,3.09E-05,-0.001023943,0.000792928,,,,2.54418317,132.2043335,37.39278485,30,0.990003445,1.003728575,1.042765957,1.117124691,1.213041682,1.022822166,1.04388276,1.074132452,1.101886889,1.134449543,1.542874147,1.583144347,1.831098268,2.313114857,3.217585661,1.158859141,2.813829047,0,0.996001378,0.992002756,0.992748471,0.998238523,1.003728575,1.217149659,1.434299317,1.550928187,1.567036267,1.583144347,1.009128867,1.018257733,1.027034285,1.035458523,1.04388276
113,200520_Composition_Study,PL_PC_T_x500_8Sun_65C_60RH_air,65,62.6,21,8,0.5,0.002807544,0.003976207,0.003332789,0.002596018,0.003976207,0.003003373,0.002478158,156,0.000293814,0.071746983,145.9148093,0.000889126,5.87E+17,2.32E+17,0.020865142,2.47E+16,5.40E+17,3.25E+17,0.886241913,-0.000131188,0.001652611,0.00016867,339,939,,1.425717807,11.56964355,7.593653101,18,0.997604212,0.997934265,0.999521081,1.003448778,1.007428382,1.011928621,1.019997598,1.027344066,1.034405435,1.041167346,1.190837313,1.362943041,1.604883444,1.869181677,2.14918173,1.205976973,14.48801155,1,0.998402808,0.99771423,0.997934265,0.998992142,1.000830313,1.127224875,1.248205889,1.362943041,1.524236643,1.692982855,1.007952414,1.01461828,1.019997598,1.024895244,1.029697856
114,200709_Modeling_Runs,PL_PC_T_MAPI_8Sun_25C_0RH_O2,25,0,100,8,1,0.000791951,0.000594994,0.00071002,,0.000672683,0.000752202,0.00085457,,-0.002721081,0.006080918,139.285742,0.000747589,8.54E+17,2.01E+17,0.021611756,2.22E+16,8.42E+17,2.35E+17,0.497924805,1.66E-05,0.000776753,4.12E-05,,,,,,,60,0.965646379,0.926719714,0.907167055,0.89318559,0.880759943,1.002637659,1.013453668,1.021468057,1.030182362,1.038638228,0.838442471,0.911853446,1.041868504,1.202332861,1.382965211,1.201494628,1.058022413,1,0.993129276,0.986258552,0.979387828,0.972517103,0.965646379,0.967688494,0.935376988,0.903065482,0.870753977,0.838442471,1.000527532,1.001055064,1.001582595,1.002110127,1.002637659
115,200709_Modeling_Runs,PL_PC_T_MAPI_8Sun_35C_60RH_N2,35,59,0,8,1,-0.000921481,,,,-9.45E-06,-9.45E-06,-9.45E-06,96,-0.010533908,-0.042214366,150.4388834,0.001379184,1.89E+18,3.48E+17,0.020281183,4.35E+16,1.66E+18,8.79E+17,0.996498108,-5.16E-05,-0.009476823,-0.000102376,3,,,0.972271909,0.450715892,0.531978245,18,0.97034973,0.932858297,0.905632599,0.874349943,0.858665745,1.000007065,0.990782999,0.990789901,0.990786364,0.99079448,1.218613408,0.91965994,0.719285138,0.616448642,0.557467332,1.217326167,0.97218841,1,0.980233153,0.957852586,0.932858297,0.914707831,0.895205047,1.145742272,1.118962252,0.91965994,0.786076739,0.685006306,1.00000471,0.996932376,0.990782999,0.9907876,0.990788722
116,200709_Modeling_Runs,PL_PC_T_MAPI_8Sun_45C_0RH_N2,45,0,0,8,1,-0.00028524,1.03E-05,,,2.70E-06,1.57E-05,1.57E-05,,-0.004528191,-0.027595347,74.71720906,3.02E-05,1.32E+17,4.43E+16,0.130246949,7.61E+15,1.36E+17,2.76E+16,0.449775696,0.000105859,0.004685232,0.000762316,0,,,,,,18,0.971132575,0.954645237,0.945117097,0.945084872,0.948684972,0.996114438,0.99606181,0.995914763,0.995821237,0.995883369,0.798288713,0.695159048,0.66862527,0.650901521,0.639414001,1.118554849,1.014330164,1,0.98075505,0.965636796,0.954645237,0.948293144,0.945106355,0.865525809,0.763912158,0.695159048,0.677469863,0.662717354,0.997409625,0.996096895,0.99606181,0.995963779,0.995883588
117,200709_Modeling_Runs,PL_PC_T_MAPI_8Sun_45C_0RH_O2,45,0,100,8,1,0.00079797,0.000960453,0.001205301,0.001522559,0.001054638,0.001294121,0.001615168,24,-0.011376192,0.019759895,198.7498499,0.000403826,6.05E+17,1.41E+17,0.028063414,1.63E+16,6.02E+17,1.52E+17,0.832180023,6.90E-05,0.006290224,-0.000823721,,,,1.033540363,2.029077114,1.342645062,12,0.987339717,0.962693836,0.93726903,0.911273428,0.884586132,1.00084309,1.001921313,1.004149782,1.006326352,1.009337539,0.974956834,0.996753355,1.066580541,1.151787094,1.241169151,1.185573218,1.601732147,0,0.987339717,0.962693836,0.93726903,0.911273428,0.884586132,0.974956834,0.996753355,1.066580541,1.151787094,1.241169151,1.00084309,1.001921313,1.004149782,1.006326352,1.009337539
118,200709_Modeling_Runs,PL_PC_T_MAPI_8Sun_45C_60RH_N2,45,56,0,8,1,-0.000932218,,,,-2.02E-05,-2.02E-05,-2.02E-05,,-0.013765076,-0.081697658,125.1244179,0.000463918,1.72E+18,1.91E+17,0.033974499,5.08E+16,1.65E+18,4.77E+17,0.000164032,0.00024264,0.028897476,0.001114488,0,,,,,,12,0.96646128,0.927925374,0.90539099,0.892884386,0.884667749,0.995465009,0.993823537,0.992646758,0.992086942,0.991621644,0.510519967,0.413884233,0.311090312,0.282738252,0.267141263,1.189159491,0.97414297,1,0.96646128,0.927925374,0.90539099,0.892884386,0.884667749,0.510519967,0.413884233,0.311090312,0.282738252,0.267141263,0.995465009,0.993823537,0.992646758,0.992086942,0.991621644
119,200709_Modeling_Runs,PL_PC_T_MAPI_8Sun_65C_0RH_N2,65,0,0,8,1,-0.000114561,,,,-5.22E-05,-5.22E-05,-5.22E-05,,-0.00539565,-0.03778151,73.4754797,2.23E-05,4.51E+16,3.03E+16,-2.76E+11,5.02E+15,5.34E+16,9.56E+15,0.530105591,0.000161637,0.009893955,0.000997691,0,,,,,,18,0.960423135,0.937588994,0.932875168,0.93283924,0.933515596,0.995340388,0.995537616,0.996434968,0.9977343,0.996493962,0.608629267,0.547074902,0.511696731,0.481743623,0.469697501,1.110663142,0.981948326,1,0.973615423,0.952811755,0.937588994,0.934446443,0.932863192,0.739086178,0.588111145,0.547074902,0.523489455,0.501712361,0.996893592,0.99540613,0.995537616,0.99613585,0.996868078
120,200709_Modeling_Runs,PL_PC_T_MAPI_8Sun_65C_0RH_O2,65,0,100,8,1,0.003286206,0.003104528,0.003623019,0.004552021,0.003286206,0.003747757,0.00462308,17,-0.032347148,0.019255558,265.9208548,0.000715053,3.12E+18,2.31E+17,0.021471554,4.13E+16,3.09E+18,4.55E+17,0.414699554,0.000334425,0.109116868,5.20E-05,100,,1,1.089274995,1.425064543,0.779707057,6,0.971801318,0.930596766,0.900020051,0.874154894,0.853553585,1.002358202,1.005223736,1.009136519,1.013041873,1.017604983,0.087306334,0.067543992,0.956302048,0.661779934,0.004290835,1.200344292,3.674341764,0,0.930596766,0.874154894,0.837291863,0.812802975,0.792606839,0.067543992,0.661779934,1.050660301,0.125006603,0.303412828,1.005223736,1.013041873,1.022208503,1.032591712,1.04398541
121,200709_Modeling_Runs,PL_PC_T_MAPI_8Sun_65C_60RH_N2,65,59.8,0,8,1,0.003757331,0.004773895,0.004773895,0.004027187,0.004773895,0.004773895,0.003888434,130,0.002373216,0.055306939,112.5045713,1.31E-05,4.58E+16,3.67E+16,0.249813823,4.81E+15,5.70E+16,1.34E+16,0.494525909,-6.14E-05,-0.00192898,0.000168696,215,295,,1.96473175,19.74193623,6.111019889,30,0.996596703,1.011533454,1.029092072,1.043082716,1.054847384,1.023869474,1.041721966,1.058856399,1.076439821,1.094566317,1.390757915,1.698194415,1.930187458,2.112958699,2.271142016,1.097040291,8.992197956,1,0.998638681,0.997277362,0.999584053,1.005558754,1.011533454,1.156303166,1.312606332,1.452245215,1.575219815,1.698194415,1.009547789,1.019095579,1.027439972,1.034580969,1.041721966
122,200709_Modeling_Runs,PL_PC_T_MAPI_8Sun_85C_0RH_N2,85,8,0,8,1,-0.000247258,0.000163003,0.000218076,0.00029073,0.000200021,0.000253309,0.000320031,,-0.001841329,0.003801725,91.48879052,1.14E-05,3.19E+16,3.29E+16,0.246784185,4.38E+15,4.41E+16,1.27E+16,0.594551086,9.79E-05,-0.015496919,0.001388613,4,,,,,,12,0.977065191,0.976713728,0.980063973,0.980087314,0.983293293,0.998153133,0.997903272,0.99789151,0.997658235,0.997807433,1.200631913,1.205422552,1.133938022,1.071364195,1.030135129,1.093301656,1.313144991,1,0.977065191,0.976713728,0.980063973,0.980087314,0.983293293,1.200631913,1.205422552,1.133938022,1.071364195,1.030135129,0.998153133,0.997903272,0.99789151,0.997658235,0.997807433
123,200709_Modeling_Runs,PL_PC_T_MAPI_8Sun_85C_0RH_O2,85,0,100,8,1,0.02239616,0.019885469,0.019894578,0.021147363,0.019885469,0.02074955,0.021610389,12,-0.014443306,0.071567223,250.7470545,0.000429644,8.43E+17,1.44E+17,0.027066081,1.84E+16,8.20E+17,2.37E+17,0.722412109,0.001112366,-0.002818518,-0.003575294,36,45,48,1.350170606,1.759715024,1.36583981,6,0.995971256,0.982389065,0.963447292,0.944045454,0.91998646,1.019885469,1.041499099,1.064830088,1.08950849,1.115904863,1.077064897,1.152977171,1.221385664,1.285675734,1.345359472,1.187175335,9.301552706,0,0.982389065,0.944045454,0.896917813,0.847412248,0.795146544,1.152977171,1.285675734,1.407869151,1.521464794,1.637593748,1.041499099,1.08950849,1.143653317,1.204556455,1.276503992
124,200709_Modeling_Runs,PL_PC_T_MAPI_8Sun_85C_60RH_N2,85,63.8,0,8,1,-0.000407548,,,,-0.000196017,-0.000196017,-0.000196017,,-0.00450941,-0.035212329,97.37070241,8.35E-05,1.40E+17,6.83E+16,0.066411299,8.19E+15,1.50E+17,4.08E+16,0.039356232,1.81E-05,0.007071155,0.000337428,0,,,,,,30,0.955316336,0.922199478,0.913929591,0.907958131,0.907634226,0.996741264,0.994674981,0.993029999,0.991666929,0.99031826,0.275964674,0.213591768,0.179316309,0.168015964,0.158288514,1.144817465,0.95920264,1,0.982126534,0.964253068,0.948692964,0.935446221,0.922199478,0.710385869,0.420771739,0.263490092,0.23854093,0.213591768,0.998696506,0.997393011,0.996328007,0.995501494,0.994674981
125,200520_Composition_Study,PL_PC_T_FACs_8Sun_45C_60RH_air,45,58,21,8,0,-0.000626702,0.000214965,0.000309132,0.000422679,0.00035864,0.000440687,0.00051645,36,-0.014155128,0.05281191,228.1422116,0.011415014,9.51E+18,2.24E+18,0.015712748,2.56E+17,8.45E+18,4.88E+18,0.691516876,0.000201573,-0.009447434,0.00055822,12,,,1.00411276,1.526185906,1.539719053,18,0.954233738,0.889988833,0.856240627,0.836669635,0.818008236,0.994295817,0.993070696,0.990920024,0.992287373,0.993186983,1.436401225,1.586082514,1.6242579,1.698250308,1.632299584,1.27196254,1.847629854,0,0.969489159,0.93281877,0.889988833,0.867490029,0.849716963,1.29093415,1.486294988,1.586082514,1.611532771,1.648922036,0.996197211,0.993887443,0.993070696,0.991636915,0.991375807
126,200520_Composition_Study,PL_PC_T_x300_1Sun_25C_45RH_air,25,47.5,21,1,0.7,0.003067528,0.003944789,0.003944789,0.003706157,0.003944789,0.003944789,0.003483697,120,-0.004882755,0.011202713,64.1332497,1.48E-05,4.63E+16,3.52E+16,0.199806529,4.73E+15,5.67E+16,1.28E+16,0.497055054,-2.86E-05,-0.000295661,0.000185917,,,,1.338710646,2.25082167,1.560743498,60,0.91841965,0.838872467,0.808323961,0.810910115,0.809783673,1.039447893,1.069673937,1.097097807,1.124551432,1.152220843,1.186738319,1.332362486,1.400369525,1.453320065,1.512218902,1.100182292,4.322560671,0,0.98368393,0.96736786,0.95105179,0.93473572,0.91841965,1.037347664,1.074695328,1.112042992,1.149390655,1.186738319,1.007889579,1.015779157,1.023668736,1.031558315,1.039447893
127,200520_Composition_Study,PL_PC_T_FACs_8Sun_65C_60RH_air,65,58,21,8,0,-0.000232183,0.000500733,0.000755943,0.001136639,0.000666064,0.000937419,0.00133796,33,-0.009892372,-0.020187824,226.8208631,0.002790425,1.88E+18,6.06E+17,0.01738134,6.43E+16,1.48E+18,1.30E+18,0.537582397,0.000127822,0.00275798,-0.000420488,549,,,1.030721075,0.696637168,0.769827751,18,0.987968607,0.952623729,0.91542555,0.887885946,0.860653724,0.997923409,0.990471097,0.99385748,0.998550226,1.002738085,0.873913603,0.789757876,0.765917046,0.75118092,0.74053283,1.235544049,7.095588156,0,0.991979072,0.976186981,0.952623729,0.927824943,0.906245682,0.915942402,0.845861694,0.789757876,0.77386399,0.761005004,0.998615606,0.995439305,0.990471097,0.992728685,0.995421729
